Red,,Green,,Blue,,Violet,,Double,
X,Y,X,Y,X,Y,X,Y,X,Y
53.825,0.457,151.415,0.869,7.134,0.686,347.281,0.549,237.161,0.549
89.907,0.457,172.497,0.457,205.332,0.869,397.037,1.326,58.490,1.098
120.959,0.732,196.963,0.457,402.296,0.869,304.843,1.646,64.526,1.098
169.113,0.457,315.818,0.503,243.426,1.875,266.383,2.607,364.842,1.555
230.210,0.915,368.958,0.686,276.993,2.058,231.902,4.619,373.942,1.555
331.504,0.732,79.252,1.555,385.695,2.927,61.874,5.991,390.589,1.966
248.594,1.098,105.593,1.738,179.174,3.247,9.375,6.082,125.394,2.058
296.337,2.698,341.336,1.738,339.141,4.162,111.538,6.082,259.112,2.058
158.001,3.018,327.480,2.790,18.155,4.299,371.519,6.631,29.817,2.149
369.598,3.018,254.219,3.338,222.893,4.390,128.230,6.722,36.265,2.287
71.203,3.338,42.073,3.567,82.819,7.774,317.190,7.134,354.278,2.378
313.943,3.338,120.730,3.567,98.733,7.866,424.018,8.323,12.667,2.607
100.105,3.430,405.588,3.658,147.391,8.506,193.442,8.963,83.688,2.698
201.719,3.430,285.362,3.979,165.089,8.826,92.377,9.878,319.751,2.698
149.083,3.658,53.825,4.299,124.846,9.055,47.789,10.747,344.400,3.110
379.750,3.979,211.643,4.482,54.557,9.786,149.723,11.296,144.327,3.247
137.650,4.482,299.950,4.710,411.625,9.786,172.817,11.707,184.250,3.247
278.136,4.482,350.986,4.939,37.317,10.427,23.872,12.347,94.892,3.658
189.006,5.442,133.626,5.259,288.517,10.518,216.628,13.811,426.259,3.658
357.205,5.579,242.466,5.351,361.366,10.518,251.383,14.222,163.488,3.841
261.719,5.762,309.279,5.351,205.652,10.655,338.272,15.000,173.138,3.841
418.850,6.402,67.270,5.762,249.554,10.747,355.650,18.795,195.454,4.162
405.908,6.951,32.423,5.854,232.954,11.158,405.405,18.795,75.959,4.482
179.083,7.134,422.737,6.082,307.358,11.799,75.090,19.619,206.567,5.122
28.445,7.454,89.496,6.722,269.264,13.079,386.656,19.619,412.494,5.122
430.969,7.454,201.628,7.683,193.671,13.719,292.953,19.847,104.130,5.351
211.460,7.591,269.036,7.683,319.980,15.274,126.035,21.859,329.400,5.351
16.463,7.866,159.693,7.866,346.412,15.731,308.730,22.180,48.200,5.442
43.124,8.506,362.281,8.003,394.156,16.463,89.907,22.820,247.954,5.442
78.932,9.055,172.497,8.643,66.630,16.875,230.530,22.820,226.597,5.671
57.209,9.558,141.583,9.055,138.931,17.606,109.937,23.551,154.296,5.762
343.669,9.695,277.633,9.146,115.425,17.744,60.502,23.872,2.607,6.494
329.904,10.335,182.970,9.375,376.686,18.475,143.504,24.192,22.180,6.494
243.746,10.655,224.585,10.015,53.597,19.847,274.249,24.192,272.237,6.814
108.245,10.747,403.713,10.015,179.586,20.396,431.243,24.740,312.343,7.134
394.476,11.067,102.437,10.518,220.652,20.487,331.687,25.015,398.180,7.134
228.518,11.799,390.268,10.747,13.399,21.539,196.643,25.335,282.892,7.683
121.919,12.119,371.839,11.478,421.045,22.088,36.996,26.844,336.809,7.866
385.147,12.988,19.207,12.027,334.797,22.180,372.799,28.125,293.822,8.003
311.611,13.171,411.853,12.439,27.484,23.003,164.997,29.908,384.552,8.186
351.489,13.582,7.591,12.667,80.807,23.140,16.372,30.320,303.745,8.323
134.815,13.811,74.999,12.759,260.667,23.551,184.890,30.868,254.859,8.506
3.247,14.131,259.935,12.850,240.225,23.780,352.266,31.920,135.227,8.643
292.130,14.451,238.350,13.079,304.065,23.872,262.587,32.332,238.990,8.643
162.437,15.091,343.989,13.079,154.799,26.204,244.387,32.972,265.103,8.826
265.880,15.183,381.259,13.491,98.093,27.484,216.536,33.384,367.083,9.146
90.547,15.411,317.739,13.811,277.724,27.576,392.464,33.704,69.282,9.375
200.530,16.372,304.203,14.222,348.104,27.576,285.956,35.304,118.169,9.375
403.073,16.372,118.626,14.360,363.241,28.216,154.937,36.265,86.111,9.466
417.890,16.372,357.113,15.000,209.768,28.719,72.575,37.225,217.268,9.558
147.940,16.463,328.120,15.183,319.431,29.039,419.033,37.545,355.193,9.558
280.377,16.692,57.118,15.823,408.149,30.000,239.630,37.728,348.333,9.786
43.262,18.247,45.868,15.914,296.017,30.228,312.343,38.048,375.635,9.786
363.882,18.475,210.180,16.235,180.317,30.960,86.843,39.877,199.387,10.427
251.383,19.207,192.207,17.195,197.055,31.509,107.834,40.472,406.457,10.427
101.660,19.756,84.831,17.286,384.872,31.600,403.073,41.249,416.198,10.518
301.322,20.076,33.612,17.424,127.818,32.881,119.907,41.661,31.829,10.838
19.116,20.487,430.146,17.835,144.647,32.881,40.380,42.301,321.855,10.975
32.423,20.991,127.818,18.155,44.496,32.972,339.553,42.621,209.768,11.478
65.807,21.631,166.461,18.475,227.740,33.612,180.317,43.444,157.681,11.707
428.042,21.631,93.337,18.704,254.630,34.161,226.369,43.673,430.054,12.027
188.503,22.088,283.761,19.116,65.487,34.344,300.819,44.633,186.765,12.119
235.286,22.088,398.729,19.116,80.075,35.716,203.823,45.274,62.834,12.210
319.888,22.591,274.981,19.298,116.294,36.585,137.970,46.737,129.739,12.667
328.440,22.500,3.338,19.756,6.631,37.225,380.391,47.057,12.119,12.850
377.875,22.728,107.834,20.076,334.339,38.460,65.350,48.978,40.289,12.850
174.189,23.003,243.518,20.487,29.908,39.420,158.641,50.121,246.170,13.079
270.407,24.832,418.302,20.487,417.433,40.472,244.798,51.173,276.856,13.308
343.897,24.832,148.168,21.448,100.608,40.701,14.542,52.225,178.763,13.719
210.088,25.244,366.214,21.631,166.461,40.792,263.548,53.322,397.860,13.902
137.467,25.472,263.639,21.859,308.547,41.752,282.252,53.505,53.734,14.451
394.476,25.792,201.719,21.951,367.586,42.941,317.739,53.597,361.229,14.680
83.276,26.936,41.021,22.728,262.587,43.124,353.501,56.386,387.616,14.680
359.126,27.027,254.859,22.911,239.722,44.085,415.969,56.386,95.029,14.863
286.093,27.256,23.551,23.003,199.799,44.954,429.323,56.706,105.181,14.863
220.561,27.347,71.203,23.231,394.384,45.045,94.069,56.889,285.224,14.863
122.193,27.484,218.777,23.323,279.645,45.274,133.352,56.889,80.624,15.000
247.359,28.125,178.214,23.780,350.254,45.457,74.770,57.027,296.886,15.091
71.935,29.908,348.104,24.283,217.588,46.646,29.679,57.438,256.963,15.183
106.965,29.908,134.266,25.152,54.466,47.697,50.030,57.941,223.945,15.411
55.289,30.000,387.936,25.152,318.242,48.521,395.528,59.130,18.384,15.503
411.945,30.000,322.175,25.564,39.649,48.841,153.565,59.313,231.125,15.731
7.271,30.320,292.861,25.792,150.181,49.161,185.531,60.273,308.410,16.052
151.644,30.868,403.988,25.884,289.660,49.389,111.081,60.731,71.386,16.372
258.975,31.189,160.973,26.295,254.219,49.710,225.728,60.731,371.427,16.783
40.609,31.280,375.955,26.615,188.503,49.893,202.543,62.286,269.584,17.012
336.900,33.612,227.420,27.804,119.449,50.213,365.894,63.337,110.669,17.195
162.665,33.704,116.706,28.216,229.112,50.670,177.162,63.566,122.651,17.286
313.303,34.253,58.810,28.445,84.511,50.990,297.526,64.115,7.774,17.515
303.883,34.435,11.387,29.176,103.992,50.990,70.471,64.298,423.469,17.606
20.716,34.756,302.922,29.176,377.875,51.813,331.184,65.578,331.596,17.744
91.599,34.756,49.710,29.359,408.561,51.813,382.951,68.139,185.622,18.247
373.119,34.756,95.624,29.679,2.698,53.414,315.315,68.231,26.433,18.384
388.348,34.893,356.702,30.137,427.173,53.505,252.207,68.459,173.138,18.384
424.978,34.984,268.304,30.457,136.827,53.734,14.771,69.191,412.357,18.384
324.827,35.533,426.762,30.457,333.196,54.374,428.682,69.923,325.559,18.475
196.826,35.716,82.636,30.548,67.179,55.197,269.904,70.746,152.924,18.567
274.752,35.853,147.528,30.548,306.398,55.929,350.757,70.746,196.826,18.567
292.221,36.036,67.819,30.960,22.728,56.798,147.940,71.295,314.035,18.704
186.903,37.317,333.425,31.051,214.204,56.798,406.640,72.758,214.616,18.795
354.461,37.408,249.874,31.509,365.894,56.889,35.396,73.078,380.848,18.795
174.830,37.728,313.166,31.509,392.692,57.209,219.189,74.039,47.286,19.298
119.358,38.780,415.558,31.509,349.293,60.273,99.648,74.770,207.436,19.436
234.509,39.100,124.205,31.692,275.072,60.411,287.236,75.090,343.028,19.436
400.512,39.420,238.213,32.240,167.650,60.502,80.807,75.319,350.986,19.527
207.527,39.649,31.051,32.560,200.348,60.731,118.718,75.731,61.005,19.939
412.174,39.969,191.979,32.881,10.655,61.325,166.232,76.051,161.613,19.939
251.795,41.112,203.503,32.972,242.374,62.103,230.210,77.651,37.545,20.259
343.989,41.249,176.613,33.841,42.073,63.978,202.131,78.383,96.401,20.396
64.435,41.432,278.548,34.344,153.976,64.206,332.785,79.572,392.372,20.396
128.779,41.752,135.318,34.893,84.511,65.258,46.005,79.892,85.883,20.716
48.109,41.981,399.872,35.716,290.849,65.258,250.926,81.447,142.315,20.899
380.299,43.444,99.145,36.265,56.706,65.990,388.759,83.688,131.934,21.311
221.384,43.673,160.653,36.448,101.340,65.990,367.906,84.648,361.458,21.311
83.871,43.856,345.132,36.448,126.858,66.447,10.747,86.020,246.399,21.859
30.548,44.085,222.893,36.768,319.111,66.722,272.008,86.432,279.645,21.951
430.054,44.405,369.186,37.728,258.472,67.682,429.186,86.843,402.021,21.951
159.601,44.725,379.156,37.728,112.453,68.734,304.294,87.072,287.694,22.408
361.687,44.816,254.539,37.865,420.085,68.734,127.315,87.712,415.649,23.551
96.492,45.045,112.361,38.140,401.473,69.282,190.378,87.712,182.787,23.643
328.211,45.365,408.652,38.460,184.250,69.923,61.783,90.136,165.729,23.872
110.029,45.594,296.657,38.780,222.481,70.746,352.037,90.364,118.169,24.100
17.012,45.685,38.277,38.917,7.043,70.883,109.937,90.456,298.166,24.100
289.249,45.777,211.963,38.917,211.643,70.883,285.544,91.005,370.878,24.283
261.216,46.005,21.768,39.100,168.565,73.215,257.831,91.325,408.469,24.283
145.836,46.646,388.348,39.237,141.034,73.398,151.735,91.416,102.620,24.420
313.166,46.829,360.086,39.740,326.108,73.398,90.456,91.736,7.271,24.512
418.622,47.377,56.386,39.877,27.027,73.535,38.780,92.377,264.508,24.832
270.225,47.469,331.275,39.877,338.272,74.359,405.085,92.377,214.616,25.335
391.092,47.469,12.439,40.060,386.656,74.450,235.926,92.697,338.044,25.335
173.046,49.069,177.802,41.021,243.655,75.639,173.138,93.428,14.039,25.472
298.349,49.572,230.073,41.021,194.494,75.959,214.433,93.840,53.505,25.472
6.174,49.801,84.740,41.249,72.026,76.371,333.608,94.069,44.816,25.792
370.467,50.030,147.848,42.073,309.919,76.782,19.756,96.401,65.990,25.792
405.268,50.670,247.039,42.073,368.775,77.011,185.394,97.956,149.723,26.112
193.259,51.585,191.750,42.621,357.845,77.743,377.875,99.145,74.587,26.433
76.691,51.722,311.931,42.621,263.959,80.487,77.102,99.556,190.287,26.433
206.887,52.682,422.737,42.804,91.096,80.807,203.183,101.157,32.652,26.524
237.161,52.682,74.999,43.444,297.389,80.944,418.073,101.660,126.035,26.844
225.637,53.002,267.984,43.444,153.885,82.087,303.425,102.300,240.225,26.844
43.444,53.185,284.813,43.444,52.225,82.179,163.168,103.261,314.767,26.844
117.666,53.185,321.032,43.765,282.801,83.368,139.663,104.130,233.045,27.027
342.388,54.557,0.503,44.085,0.457,83.596,244.249,104.450,382.311,27.027
146.339,55.106,50.350,45.685,34.435,83.871,3.567,104.861,353.318,27.164
59.862,55.426,133.123,45.777,127.910,83.871,100.745,105.501,305.758,27.347
157.269,55.426,63.017,46.188,342.617,84.328,431.243,106.736,201.948,27.667
129.602,56.158,370.787,46.326,403.805,84.648,120.318,108.474,23.231,27.896
276.856,56.158,119.907,46.829,217.359,84.831,319.340,109.297,174.098,28.719
314.675,57.118,257.191,47.469,424.247,85.380,341.885,109.297,252.618,28.719
383.272,57.530,337.129,47.789,21.219,86.203,58.490,109.937,273.151,28.719
327.708,57.621,156.217,47.880,178.625,86.203,278.685,110.349,324.187,28.856
87.163,57.758,94.709,49.069,234.417,86.203,40.472,110.669,397.860,29.268
252.755,57.850,386.656,49.069,77.743,88.215,363.699,111.538,290.209,29.497
104.633,59.313,349.796,49.298,163.900,89.724,222.481,111.629,89.907,30.000
356.885,59.770,411.533,49.298,378.607,90.044,23.551,112.041,112.178,30.000
6.082,60.273,107.514,49.481,201.399,90.776,190.058,113.321,131.111,30.457
19.847,61.005,34.893,49.710,325.696,90.776,85.608,114.282,377.555,30.548
289.157,61.142,208.396,49.801,308.090,92.560,253.807,114.282,60.411,30.731
265.011,61.966,359.857,49.893,245.667,93.520,400.284,114.922,430.603,30.731
422.555,62.103,235.789,50.030,362.601,94.572,378.287,116.202,222.253,30.868
411.625,62.286,10.655,50.121,103.352,94.709,145.059,116.706,77.880,30.960
30.731,63.246,169.845,50.441,139.068,94.800,413.637,118.718,389.171,30.960
182.558,63.475,197.787,51.493,51.310,95.441,309.370,118.809,139.891,31.051
46.417,63.795,185.211,51.585,278.776,97.864,172.406,119.449,156.492,31.280
430.603,63.795,217.680,51.722,12.530,98.093,206.064,119.907,280.880,31.280
66.127,64.298,420.954,51.813,119.678,99.236,291.261,120.501,343.348,31.692
217.177,64.298,400.604,52.545,255.270,99.556,73.947,122.742,366.626,32.149
395.024,64.755,127.086,52.682,229.112,99.648,110.669,123.154,308.410,32.423
123.291,65.898,270.225,52.774,408.652,100.105,262.679,124.205,360.909,33.064
150.592,65.898,306.306,53.002,67.819,100.517,226.048,124.343,96.264,33.201
228.518,65.898,24.832,53.322,389.308,100.837,398.591,124.983,11.158,33.292
377.327,65.898,142.452,53.597,349.385,101.889,357.525,125.303,419.765,33.292
239.173,66.219,86.980,53.917,152.467,102.300,8.643,126.035,233.594,33.521
342.845,66.950,294.645,53.917,423.469,102.758,426.259,126.218,209.860,33.704
304.843,67.682,324.279,54.877,40.289,102.941,33.704,126.858,118.809,33.841
159.693,67.911,56.706,55.106,23.872,103.489,186.674,126.858,167.193,34.024
248.274,67.911,103.901,55.609,175.790,103.901,334.980,126.995,297.846,34.024
192.710,68.002,113.230,55.838,196.003,104.450,244.798,127.498,1.326,34.161
362.418,68.642,71.066,57.438,89.496,104.633,93.611,127.635,331.916,34.253
139.068,69.282,256.139,57.621,312.251,104.633,128.047,127.910,51.493,34.344
81.035,69.374,284.401,57.758,332.236,105.913,276.261,129.510,149.632,34.344
91.919,70.014,339.233,57.941,214.524,106.325,179.997,129.739,34.893,34.573
107.925,70.334,40.609,58.078,375.863,106.325,52.453,130.150,320.391,34.756
329.172,70.471,236.521,58.078,78.063,107.376,162.985,130.791,404.537,34.756
172.726,70.746,159.052,58.170,293.182,107.376,142.864,131.751,106.965,34.984
280.377,70.975,311.474,58.170,242.146,109.937,385.147,132.163,258.334,35.213
55.197,71.203,3.338,58.810,214.296,111.629,316.047,133.626,25.975,35.304
205.652,72.575,425.390,59.222,268.075,111.858,293.822,135.455,412.814,35.533
313.395,73.078,388.576,59.953,46.417,112.178,250.926,136.919,42.393,35.716
402.113,73.718,124.434,60.273,131.431,112.270,234.097,137.330,86.340,35.945
294.553,74.999,248.182,60.273,108.474,112.910,196.003,137.788,180.455,36.173
345.589,76.051,368.226,60.411,419.902,113.733,412.036,137.879,383.043,36.265
260.895,76.279,406.320,60.731,163.397,114.053,80.166,138.199,226.186,37.088
270.225,76.691,174.601,61.325,97.316,115.882,365.894,138.428,125.394,37.317
376.824,76.920,223.305,61.783,300.590,115.974,214.844,138.748,266.520,37.408
68.734,77.240,84.099,61.874,353.089,116.202,24.832,139.068,67.590,37.545
426.442,77.423,378.195,62.194,401.884,116.202,112.361,141.583,348.745,37.545
395.116,77.743,59.130,62.743,386.107,116.385,347.693,141.675,248.091,37.637
240.134,78.063,196.506,62.743,3.018,116.934,312.343,142.635,281.200,38.277
414.826,78.474,144.144,63.017,64.298,117.254,43.765,143.687,192.390,38.460
190.927,78.932,207.939,63.246,222.893,117.574,95.852,144.236,338.592,38.688
115.425,79.115,321.763,63.795,203.183,117.986,127.498,144.236,78.474,39.100
128.870,79.343,358.257,63.795,182.970,118.398,174.921,144.876,161.796,39.237
38.368,79.984,15.731,63.978,34.756,118.718,63.566,145.516,303.242,39.237
20.487,80.715,269.996,63.978,16.143,119.266,395.756,147.620,95.441,39.420
224.997,81.127,131.339,64.435,323.684,119.998,326.199,148.031,134.403,39.557
172.406,81.264,27.804,65.350,368.546,119.998,268.807,148.763,115.242,39.649
145.836,81.355,347.784,65.807,135.638,120.501,293.410,148.763,288.929,39.649
213.792,81.355,165.501,65.898,84.511,121.690,141.675,148.900,374.491,39.877
9.786,81.904,213.975,66.447,147.528,122.742,235.057,151.095,323.044,40.152
319.020,81.904,295.102,67.179,284.401,122.833,86.980,152.787,311.062,40.289
158.504,82.819,36.448,67.270,115.745,123.154,359.995,154.388,363.699,40.289
305.117,82.956,184.342,67.362,341.108,124.754,411.853,155.257,16.372,40.380
363.973,82.956,413.957,67.362,259.386,125.303,189.738,155.577,141.903,40.609
351.717,83.048,94.389,67.499,53.322,126.995,212.100,156.217,60.182,40.701
87.072,84.008,279.645,68.322,307.450,128.047,10.015,156.720,5.442,40.929
332.647,84.831,74.999,68.459,235.926,128.230,279.508,158.184,25.655,41.112
383.043,85.060,149.403,68.734,198.747,128.870,110.486,158.321,153.016,41.112
240.134,85.288,398.409,68.734,414.277,129.190,29.039,159.464,216.125,41.112
255.819,85.288,227.329,69.831,174.738,129.922,379.247,160.013,257.511,41.341
98.093,85.608,117.986,70.243,376.366,130.471,132.071,160.196,186.262,41.752
53.002,86.340,104.221,70.746,388.988,130.471,254.219,160.333,273.929,42.164
292.130,87.072,262.039,71.203,212.603,131.431,167.330,160.973,415.329,42.713
74.450,88.215,3.338,71.386,104.450,132.163,346.550,163.808,315.956,43.033
136.095,88.764,46.097,71.386,18.247,132.574,330.772,164.037,355.970,43.353
268.212,88.855,197.146,71.523,291.169,132.574,207.207,164.357,70.563,43.582
205.332,89.313,160.745,71.615,352.449,132.803,58.810,164.677,332.144,43.673
116.202,89.816,245.118,71.615,64.298,133.443,312.983,165.638,171.034,43.765
410.985,90.136,333.699,72.255,325.559,134.815,236.109,167.010,209.631,43.993
224.997,90.227,362.007,72.575,84.191,135.135,396.899,167.101,385.375,44.176
281.749,90.456,64.938,73.078,34.161,135.455,421.686,167.741,35.853,44.633
341.016,90.776,304.706,73.535,120.501,136.278,19.024,168.793,400.284,44.633
43.262,91.599,382.631,73.856,264.691,136.507,79.755,168.793,233.914,44.954
6.814,92.239,88.672,74.359,160.516,136.827,96.813,168.885,11.570,45.777
178.854,92.560,391.960,75.090,425.481,137.056,119.678,169.113,294.553,45.777
26.433,92.880,177.802,75.228,401.884,138.199,45.777,170.165,101.157,45.868
373.531,92.880,214.844,75.410,245.347,138.291,215.576,170.165,250.286,45.960
398.088,93.200,373.211,75.410,137.239,138.519,264.371,171.217,163.900,46.188
190.790,93.520,128.550,75.959,279.508,139.342,363.882,171.354,46.326,46.326
160.424,95.303,235.926,76.371,184.342,140.852,301.642,171.857,345.589,46.417
328.760,95.944,25.975,76.782,150.272,142.315,149.403,173.046,408.012,46.417
56.066,96.492,419.765,76.782,208.899,142.315,189.418,173.138,424.338,46.417
95.121,96.492,56.478,77.880,49.298,142.452,279.828,173.366,87.483,46.966
239.310,96.584,401.564,77.880,337.541,142.772,169.205,177.802,193.899,47.149
296.474,96.584,16.555,78.154,304.294,142.955,238.533,178.122,306.215,47.149
426.442,96.584,74.450,78.612,92.697,143.687,337.632,179.174,79.435,47.377
385.055,97.133,186.903,79.343,362.007,144.236,381.762,179.266,124.846,47.469
148.763,97.316,328.943,79.343,225.317,144.967,317.831,179.814,374.354,47.469
358.074,97.316,252.527,79.755,4.619,145.059,105.364,180.317,241.185,47.606
81.035,97.636,286.185,79.755,382.220,146.888,59.130,181.506,222.344,47.789
251.246,98.276,111.858,80.395,171.766,149.083,406.229,182.147,282.572,48.200
315.178,98.596,276.352,80.395,106.553,149.952,422.737,182.147,114.190,48.338
265.240,98.825,2.149,80.715,415.558,150.043,260.987,184.799,213.472,48.338
413.454,98.916,42.484,80.715,76.188,150.181,132.711,185.302,264.371,48.338
283.349,99.602,344.949,80.715,287.785,150.912,72.667,186.765,1.098,48.658
211.232,100.288,139.159,81.127,120.090,151.415,294.553,186.765,28.628,49.161
198.656,100.745,300.590,81.996,203.091,152.467,26.112,187.406,144.556,49.298
339.644,101.569,208.488,82.087,60.091,152.787,359.354,187.406,323.364,49.298
129.007,101.889,97.041,82.316,18.795,153.016,151.644,187.634,132.254,49.801
224.173,102.117,150.272,82.316,35.304,153.245,222.801,188.046,203.412,49.801
400.924,102.529,162.437,83.368,316.550,153.428,201.948,188.366,71.706,50.213
30.868,103.489,264.371,84.419,226.689,153.656,11.296,189.326,179.357,50.213
274.249,103.489,83.596,84.511,348.653,153.748,275.712,190.515,58.078,50.441
111.950,104.221,316.550,84.511,400.924,154.068,93.749,191.339,393.195,50.441
19.847,104.633,223.716,84.648,263.959,154.479,45.777,193.259,429.323,50.533
368.958,104.953,379.750,84.968,179.997,155.028,430.969,193.259,355.010,50.670
49.161,105.364,416.198,85.288,247.679,155.028,181.689,193.899,19.436,50.761
171.537,105.364,120.821,85.380,155.257,155.668,370.970,193.991,338.181,50.853
65.167,106.004,171.034,85.471,132.803,156.400,389.720,193.991,273.700,50.990
255.819,106.553,246.490,85.791,332.556,157.040,340.056,195.271,91.416,51.082
154.799,106.873,361.687,85.883,304.386,158.412,241.323,195.363,414.917,51.585
299.127,107.056,197.055,86.203,368.546,158.412,403.713,195.363,255.819,51.813
427.082,107.056,396.579,86.523,97.133,159.144,113.321,197.787,51.493,52.225
385.375,107.376,58.490,86.980,144.967,159.601,57.941,199.387,100.517,52.682
184.662,107.697,353.409,86.980,50.121,160.196,159.601,199.387,188.275,52.682
232.222,108.337,69.374,87.483,2.790,162.116,133.443,199.616,327.983,52.774
352.357,108.565,25.792,88.032,389.400,162.116,25.564,199.707,385.787,53.002
95.532,109.846,327.068,88.352,426.670,162.757,207.527,200.348,108.154,53.094
206.247,109.846,294.782,88.764,407.509,163.717,323.547,200.348,151.873,53.094
326.611,109.846,15.091,88.993,277.724,165.180,305.986,201.399,313.074,53.322
409.613,109.846,236.429,88.993,194.723,165.501,259.706,202.360,362.281,53.597
2.607,110.029,277.724,88.993,71.295,165.638,288.517,203.732,300.361,54.054
80.304,113.093,408.012,89.175,161.156,166.461,418.942,204.372,34.756,54.146
264.371,113.413,181.506,89.313,215.805,166.552,222.801,204.783,172.406,54.146
374.811,113.870,214.296,89.724,339.644,166.552,387.159,206.155,369.918,54.237
139.983,114.053,102.117,89.816,240.865,168.565,72.575,206.567,242.237,54.786
285.224,114.190,372.159,89.816,32.149,168.885,212.192,206.704,290.621,54.877
172.589,114.373,140.852,91.736,319.523,169.113,147.528,207.665,347.601,55.014
311.703,114.693,337.541,91.919,293.410,169.205,355.010,208.396,229.753,55.289
344.537,115.105,157.269,92.148,177.345,170.897,174.510,209.539,6.494,55.426
391.412,115.242,430.969,92.148,92.148,171.217,335.208,209.539,123.474,55.517
119.998,115.882,48.429,92.880,110.257,171.766,47.606,210.728,409.110,55.517
210.820,116.614,127.818,93.200,377.647,172.086,11.158,211.872,164.037,55.838
333.608,117.026,386.244,93.200,9.055,172.406,100.517,212.832,401.061,55.929
60.914,117.254,417.250,93.611,357.434,172.589,307.770,212.832,218.869,56.158
296.337,117.666,249.371,93.931,128.230,172.909,198.335,214.844,17.012,56.249
198.747,117.986,32.972,94.069,415.878,174.921,276.764,215.164,204.372,56.386
160.104,118.626,269.264,94.480,229.021,175.881,85.380,215.256,79.984,56.478
251.383,118.809,110.669,95.029,256.780,175.973,115.882,215.576,270.956,56.569
29.176,119.129,6.082,95.303,400.924,176.750,239.310,215.667,421.274,56.706
227.100,119.358,84.511,95.944,59.542,177.985,371.839,216.765,45.274,56.889
43.856,119.449,230.530,95.944,75.090,178.122,402.296,217.588,117.026,57.209
76.371,119.587,315.315,96.081,148.489,178.534,133.626,218.457,376.915,57.209
238.853,119.770,396.488,96.584,40.152,179.174,25.792,219.600,196.643,57.438
105.273,120.090,197.146,96.904,270.545,181.049,184.022,219.692,319.843,58.261
361.778,120.090,292.130,97.773,207.756,181.186,159.373,219.920,333.425,58.490
403.805,120.501,259.935,97.864,299.721,181.278,259.386,220.789,179.906,58.581
277.084,120.821,73.627,97.956,387.616,181.506,333.196,221.384,139.571,58.810
180.226,121.919,303.105,97.956,21.128,181.598,220.652,223.533,64.206,59.222
95.303,123.154,354.873,98.184,193.899,182.650,71.066,224.036,148.351,59.313
5.351,123.382,207.756,99.053,330.315,182.878,292.450,224.676,260.987,59.542
17.927,123.382,346.092,99.145,161.705,183.381,35.945,227.329,128.550,59.770
380.528,124.343,142.772,99.236,49.710,185.394,353.181,227.969,279.828,60.091
142.635,125.303,174.738,99.328,177.253,185.622,314.995,228.198,25.335,60.411
319.340,125.303,326.840,99.328,365.894,185.622,422.417,229.250,54.786,60.731
331.413,125.486,163.397,99.556,287.785,185.714,4.619,230.301,304.614,60.731
125.074,125.715,94.160,100.105,314.995,186.034,273.609,230.530,37.408,60.822
345.681,125.806,425.481,100.288,141.812,186.674,383.912,230.804,90.044,61.142
301.093,126.675,46.966,100.425,96.492,186.994,202.543,232.954,294.142,61.142
431.335,126.766,22.591,100.745,114.282,187.223,156.217,233.137,391.092,61.554
168.061,127.315,368.775,101.477,348.425,188.046,126.446,233.274,97.316,61.645
267.755,127.635,58.078,101.660,242.466,188.183,403.805,233.274,341.428,61.783
370.010,128.367,240.454,101.797,401.793,188.595,238.121,233.685,212.192,62.103
219.280,128.870,405.588,101.980,213.244,190.698,94.160,234.006,371.930,62.743
65.029,129.510,188.686,102.529,379.156,192.802,110.166,234.234,351.946,62.926
83.688,130.699,105.501,103.169,124.434,193.031,51.722,235.057,382.403,63.017
109.526,131.111,377.967,103.169,66.630,193.259,364.430,235.057,400.192,63.017
287.145,131.339,220.241,103.489,416.838,193.351,186.171,235.926,160.196,63.155
195.912,131.934,124.205,103.581,77.240,193.991,71.843,237.938,233.914,63.155
394.567,132.071,12.027,103.672,8.735,194.311,250.194,238.990,361.549,63.337
23.003,132.254,284.493,104.312,265.972,194.311,21.951,239.951,416.061,63.658
240.865,132.254,388.851,105.501,252.435,195.134,221.064,240.225,135.547,63.795
206.704,133.214,357.525,106.004,19.756,195.271,173.778,240.682,252.298,63.795
254.310,133.763,262.908,106.233,39.557,196.506,348.242,241.185,313.303,63.886
42.621,133.946,341.336,106.325,297.297,197.146,326.748,242.054,326.108,63.886
94.572,133.946,29.817,107.285,328.440,197.787,299.401,242.877,79.343,64.115
308.639,134.175,151.873,107.285,193.259,198.518,385.695,243.198,189.098,64.206
405.177,134.266,161.476,107.605,231.353,198.656,82.956,243.929,168.473,64.298
150.043,134.495,329.675,107.925,149.220,199.159,416.610,244.890,245.667,64.298
275.392,134.906,273.060,108.017,101.660,199.296,11.158,247.542,62.103,64.938
229.570,135.135,416.381,108.154,173.458,199.799,282.389,247.679,426.259,65.029
13.171,135.455,112.590,108.245,360.589,201.399,196.095,250.103,274.843,65.167
342.068,136.095,68.642,108.474,394.796,203.000,128.870,250.514,107.514,65.258
355.421,136.187,91.416,108.886,345.452,203.091,313.486,250.926,8.826,65.350
329.812,136.507,195.363,109.068,311.611,203.732,215.073,251.246,223.625,65.487
183.930,137.467,179.906,109.709,377.555,203.732,158.184,251.886,117.895,65.578
131.111,137.559,254.219,109.846,276.993,203.823,60.914,252.618,283.029,65.990
166.461,138.291,228.929,110.257,431.335,204.555,335.528,252.618,407.600,66.447
430.283,138.839,292.130,110.761,243.426,205.104,263.868,252.938,20.167,66.950
388.119,140.623,309.279,111.218,67.270,205.835,233.594,253.258,265.011,66.950
55.426,141.034,405.908,111.721,84.831,207.527,369.827,253.396,206.384,67.042
118.946,141.034,137.239,112.590,50.670,208.076,393.332,253.807,47.697,67.179
259.523,141.263,203.503,112.773,214.113,208.488,35.945,254.859,145.196,67.179
73.078,141.355,36.768,112.910,108.748,208.899,177.985,255.682,197.695,68.139
294.782,141.355,385.055,112.910,138.428,209.128,425.710,255.682,32.012,68.322
139.891,141.675,169.342,113.230,407.738,209.631,296.566,257.603,178.625,68.642
374.491,141.675,5.030,113.642,20.487,209.951,99.328,258.152,154.296,68.734
318.242,142.315,424.109,113.870,121.370,212.512,350.574,258.243,389.948,68.734
419.902,143.047,56.889,114.602,258.334,212.603,142.864,259.706,217.177,68.962
243.746,143.275,18.887,114.785,228.061,213.381,117.574,259.844,336.672,68.962
100.837,143.687,77.880,114.785,297.206,213.564,79.984,262.039,99.328,69.603
405.726,144.556,370.878,115.334,195.363,213.655,14.039,262.587,321.352,69.603
269.356,144.647,244.569,116.065,325.788,215.256,238.350,264.828,39.740,69.694
208.808,144.967,357.434,116.065,151.232,215.667,277.724,265.103,357.662,69.831
220.972,145.196,103.261,116.477,39.420,216.125,316.276,265.972,288.517,69.923
199.296,145.379,47.697,116.706,345.452,216.765,196.003,266.795,307.587,69.923
85.380,145.516,261.307,116.934,382.631,216.856,409.704,267.664,376.686,69.923
155.120,145.699,117.026,117.346,0.686,217.268,39.740,268.395,86.203,70.334
34.893,146.156,187.954,117.574,175.881,217.497,257.603,268.395,368.318,70.563
338.272,147.528,342.617,117.757,287.465,217.680,381.671,269.036,68.551,70.746
284.493,148.031,234.737,117.986,423.286,217.817,217.588,269.356,239.722,70.746
10.107,148.351,315.818,117.986,59.313,218.320,331.916,270.956,423.698,70.883
365.482,149.220,394.796,117.986,361.229,218.960,62.423,271.048,165.180,70.975
378.287,149.403,284.813,118.306,392.052,222.024,158.092,272.648,346.641,70.975
391.000,149.540,273.700,118.489,76.051,222.573,100.837,272.831,77.331,71.066
182.558,149.632,151.964,118.626,269.584,222.893,348.104,272.831,123.702,71.203
22.180,149.952,89.313,118.946,93.840,222.984,180.958,273.380,130.471,71.615
354.049,149.952,329.400,119.358,209.219,223.076,302.191,274.432,200.530,72.575
231.033,150.272,128.047,119.678,243.426,223.305,128.687,275.392,230.621,72.575
304.934,150.501,218.137,119.678,305.026,224.997,80.075,277.313,298.029,72.575
256.780,151.004,303.654,119.998,12.347,225.317,22.820,279.005,395.985,72.987
48.521,151.964,408.469,120.501,410.802,225.408,362.510,279.508,190.195,73.078
424.338,152.284,378.058,120.959,25.335,225.957,397.768,279.737,183.610,73.947
168.702,152.467,70.563,121.279,195.271,226.186,113.642,280.057,257.100,73.947
405.588,153.107,422.097,122.330,179.906,227.329,3.018,280.148,52.453,74.039
149.312,153.336,25.244,122.651,161.934,228.061,232.817,280.560,414.826,74.039
322.495,153.428,196.963,122.833,47.880,228.381,209.539,281.657,11.478,74.176
72.575,154.388,34.161,123.154,122.651,228.381,321.855,282.069,92.697,74.176
97.956,154.799,61.783,123.794,110.486,228.929,155.577,283.669,106.965,74.176
275.484,155.257,137.970,123.794,257.831,229.341,251.566,283.761,113.230,74.176
121.370,155.348,169.205,123.885,323.684,229.570,418.850,283.761,224.036,74.176
58.902,156.217,349.614,124.205,140.623,230.621,282.160,284.264,247.359,74.359
339.233,156.217,295.285,124.343,372.799,230.804,186.994,284.584,330.315,74.359
218.137,157.269,120.501,124.663,284.721,231.993,378.698,285.041,265.011,74.450
136.599,157.452,179.997,125.074,342.388,232.085,267.023,285.133,135.135,74.679
242.694,157.452,248.822,125.486,228.198,232.222,47.606,286.505,20.579,75.090
350.848,159.144,311.382,125.806,62.286,233.685,305.666,289.249,152.284,75.090
419.582,159.281,45.457,126.126,212.283,234.097,135.227,290.118,43.856,75.228
373.531,159.601,387.616,126.446,357.342,235.149,64.206,291.489,4.299,75.410
196.735,159.921,14.360,126.675,297.938,236.109,344.217,291.993,275.163,75.639
291.901,160.424,158.732,127.178,82.316,236.429,358.806,295.102,173.046,75.868
207.207,160.653,100.288,127.727,392.692,236.841,99.145,295.285,209.768,76.371
40.380,161.065,366.122,127.910,406.229,240.865,120.638,295.377,31.920,76.462
302.694,161.156,397.220,128.138,39.329,241.002,225.408,295.605,61.462,77.331
314.767,161.293,87.712,128.367,312.343,241.323,170.074,296.474,157.589,77.331
107.697,161.476,214.524,128.458,423.378,241.323,395.985,296.566,322.404,77.331
230.301,161.705,273.289,128.458,12.027,241.505,149.723,297.938,280.697,77.651
10.975,161.934,284.721,128.550,93.520,241.826,322.907,298.486,314.355,77.651
23.872,162.848,328.120,128.687,129.739,242.374,289.477,299.538,142.132,78.063
66.447,163.397,78.612,128.870,271.688,242.374,196.323,300.819,406.457,78.063
364.933,163.626,203.503,129.327,186.262,242.786,416.518,300.910,304.523,78.154
173.641,164.037,231.582,130.059,163.626,242.877,254.539,301.550,339.644,78.383
401.381,164.129,431.381,130.882,377.647,242.877,271.779,301.870,361.229,78.474
283.852,164.357,257.191,131.614,110.166,244.798,21.859,302.511,292.313,78.612
386.336,164.357,408.469,131.614,207.207,245.210,380.391,303.014,388.759,79.252
156.720,164.769,421.686,131.843,238.990,245.530,44.816,303.654,348.562,79.435
84.968,165.409,347.784,132.574,225.865,246.582,237.801,305.666,124.205,79.572
252.435,166.369,112.041,132.894,327.800,246.902,8.003,306.398,380.070,79.755
426.762,166.781,337.541,133.123,145.928,247.222,211.369,307.267,84.191,79.892
3.658,167.101,379.659,133.214,50.990,247.542,336.489,307.267,430.054,80.487
264.920,167.101,299.538,133.763,249.783,248.274,107.376,307.678,236.338,80.715
323.547,167.101,59.862,134.815,296.566,248.502,308.318,307.998,371.930,80.715
183.839,167.330,184.022,134.906,68.962,248.914,86.432,308.822,258.655,80.807
49.572,167.650,224.036,134.906,119.358,250.743,71.203,310.102,72.164,80.944
141.812,167.650,312.983,135.135,366.214,251.246,123.611,310.834,177.482,81.355
355.193,169.205,1.006,135.638,170.897,251.475,388.256,310.834,195.363,81.355
125.623,169.525,139.480,135.638,24.512,252.207,178.442,311.382,218.000,81.447
101.660,170.577,195.134,135.775,345.452,252.755,418.530,312.023,166.141,81.584
410.985,170.805,24.192,135.867,388.119,253.396,369.827,313.166,398.912,81.676
275.072,171.537,126.675,135.867,420.954,253.899,352.769,314.767,269.584,81.767
391.640,171.857,163.900,135.867,89.907,254.767,141.355,315.178,421.457,81.767
339.736,172.269,204.372,136.095,280.057,256.551,407.418,316.550,57.209,81.996
229.341,172.817,241.643,136.095,5.122,258.014,46.829,318.151,244.066,81.996
198.107,173.229,91.325,136.599,244.158,258.883,166.141,318.242,77.011,82.316
291.993,173.229,38.048,137.330,321.535,258.975,251.475,318.379,14.131,82.727
241.185,173.458,48.018,137.650,189.098,260.164,61.325,318.699,327.800,83.139
214.524,174.281,269.904,137.879,404.857,260.484,83.688,319.660,227.878,83.368
312.114,174.738,9.695,137.970,263.959,260.804,271.459,319.843,410.893,83.368
166.369,174.830,148.672,138.839,207.527,260.895,320.483,319.980,26.295,83.459
63.017,174.921,353.181,139.251,224.814,260.895,219.920,320.163,356.290,83.459
34.435,175.058,371.839,139.251,52.225,260.987,291.810,320.254,101.020,83.688
14.451,175.881,418.622,139.800,33.612,261.216,197.467,321.123,134.266,83.688
368.775,176.933,102.300,140.211,155.668,262.816,110.898,321.855,186.674,83.779
326.199,177.802,332.464,140.852,129.419,263.731,29.908,321.992,278.548,83.779
109.617,177.894,393.195,140.852,110.349,263.868,12.347,323.958,114.282,83.871
426.350,178.122,254.767,141.034,70.563,264.188,235.378,324.462,309.690,83.871
396.717,178.305,68.322,141.172,305.437,264.188,,,93.611,84.008
181.186,178.442,291.489,141.583,341.748,264.828,,,65.029,84.328
356.702,178.534,76.920,141.812,373.119,265.743,,,40.289,84.831
414.049,178.625,278.685,141.903,360.177,267.892,,,297.709,84.968
250.514,178.763,219.372,142.132,393.332,269.036,,,320.071,85.151
133.763,179.083,322.495,142.315,419.765,269.584,,,285.224,85.288
143.915,179.494,402.433,142.315,89.587,269.676,,,141.675,85.608
49.069,179.586,176.750,142.635,171.217,270.225,,,151.553,85.608
78.612,181.049,378.836,142.635,231.125,270.636,,,202.223,85.883
123.291,181.598,27.896,143.504,284.081,271.459,,,346.092,85.883
263.959,181.826,188.915,145.516,186.262,272.648,,,373.851,86.020
303.105,182.009,122.833,145.608,143.915,273.609,,,4.299,86.432
4.802,182.467,231.033,145.928,28.445,274.249,,,47.697,87.392
93.931,182.878,160.013,146.156,249.874,274.249,,,158.961,87.392
379.247,183.061,139.800,146.248,51.402,275.301,,,336.580,87.483
275.484,183.198,303.654,146.339,268.212,275.484,,,259.935,87.712
205.424,183.701,15.594,146.659,325.147,275.484,,,251.795,87.804
153.107,183.930,261.719,146.659,429.506,277.084,,,366.443,88.444
344.949,184.890,409.841,147.208,14.542,277.816,,,20.579,88.672
20.579,185.622,0.457,147.391,215.164,278.365,,,417.158,88.764
369.507,186.583,428.362,147.620,200.348,279.645,,,383.363,89.175
237.161,187.543,245.347,147.848,162.528,279.965,,,84.968,89.404
431.381,187.634,315.818,148.031,313.623,280.377,,,241.414,89.404
68.002,187.726,110.898,148.168,372.571,280.377,,,172.817,89.587
188.275,187.726,342.525,148.489,294.005,281.977,,,122.833,89.724
39.557,188.183,83.596,149.632,341.108,282.572,,,32.881,89.816
168.885,188.183,198.747,150.043,408.241,283.212,,,391.412,89.816
321.535,188.183,55.517,150.181,62.926,283.761,,,105.273,89.907
334.019,188.366,71.935,150.272,126.538,284.721,,,218.777,90.044
56.889,188.595,334.156,150.364,99.556,285.041,,,402.616,90.044
415.009,188.686,210.591,150.592,175.333,286.413,,,424.887,90.044
285.682,189.098,45.777,150.775,415.558,286.596,,,313.486,90.456
388.668,189.418,95.944,150.912,82.819,286.733,,,97.453,90.685
218.000,189.555,274.843,151.004,352.266,287.054,,,359.354,90.868
251.383,190.058,350.665,151.095,38.597,287.374,,,330.224,91.005
178.305,190.515,148.168,151.324,220.881,287.374,,,184.342,91.508
105.593,191.750,374.034,151.873,389.811,287.877,,,194.311,91.828
119.449,191.750,131.522,152.284,145.699,288.197,,,230.621,91.828
89.907,192.070,365.482,152.787,256.963,288.746,,,273.609,91.828
312.251,192.390,7.134,153.336,237.938,289.249,,,13.491,91.919
399.460,192.390,389.400,153.565,431.106,291.261,,,132.254,91.919
298.166,192.939,222.893,153.656,24.832,291.489,,,69.191,92.560
133.443,194.723,159.601,153.885,276.124,292.450,,,253.396,92.560
351.168,194.723,30.731,154.388,113.962,293.090,,,77.560,92.880
361.046,195.774,118.489,154.708,203.732,293.182,,,301.550,92.880
236.018,196.323,295.285,154.708,320.163,293.410,,,262.999,93.108
24.832,196.735,184.662,155.028,333.196,294.233,,,291.901,93.840
205.012,196.963,252.207,155.028,378.287,294.325,,,144.327,94.252
144.556,197.284,285.453,155.348,10.107,295.194,,,165.180,94.389
266.200,198.198,18.064,156.309,56.158,295.285,,,202.223,94.572
336.352,198.656,201.811,156.400,187.406,295.514,,,348.562,94.800
47.697,199.159,171.034,156.629,303.883,296.474,,,377.647,94.800
381.259,199.159,237.938,157.269,243.518,297.709,,,281.977,94.892
76.920,199.296,422.326,157.452,87.621,298.669,,,340.925,94.892
282.389,199.479,313.074,157.589,263.731,299.858,,,209.631,95.029
425.619,199.616,409.430,157.589,137.970,299.950,,,401.701,95.212
370.147,200.439,399.049,157.909,410.985,300.681,,,153.976,95.441
13.399,200.530,325.696,158.092,72.895,301.642,,,410.985,95.532
64.755,201.079,431.426,158.504,213.061,301.642,,,321.123,95.624
104.953,201.811,209.036,158.641,395.985,301.642,,,43.124,95.944
412.036,202.451,79.343,158.961,364.293,304.386,,,391.412,95.944
155.897,202.543,140.120,158.961,175.790,305.254,,,115.334,96.172
219.600,202.680,67.042,159.784,156.080,305.895,,,224.585,96.264
247.130,202.680,56.478,159.921,350.848,305.895,,,431.106,96.264
399.460,202.680,259.935,160.333,329.400,306.535,,,368.958,96.492
89.496,203.000,44.633,160.653,103.169,306.718,,,420.954,96.492
192.710,203.732,356.885,160.836,281.429,307.038,,,307.998,96.721
172.497,204.372,226.506,161.156,117.437,307.587,,,125.715,97.133
115.334,204.875,101.340,162.345,21.539,307.770,,,25.975,97.224
40.792,205.332,342.617,162.345,226.277,308.227,,,61.645,97.453
345.452,206.704,153.336,162.528,245.667,310.834,,,215.988,97.864
313.166,206.796,375.955,163.077,414.597,310.971,,,100.837,98.184
325.971,206.796,128.550,163.488,194.494,311.291,,,8.323,98.276
267.755,206.887,88.855,163.808,380.208,311.794,,,135.227,98.276
299.218,207.344,244.158,164.037,39.009,312.023,,,88.124,98.733
235.606,207.756,270.956,164.129,295.285,312.846,,,234.509,98.733
142.132,207.939,186.171,164.220,59.450,313.303,,,178.305,99.236
423.606,208.716,31.692,164.860,314.538,313.395,,,273.471,99.236
285.682,208.808,297.206,165.180,262.816,314.538,,,53.002,99.328
4.390,209.036,13.399,165.318,88.352,315.407,,,192.482,99.556
384.323,209.448,306.306,165.821,135.547,316.047,,,244.569,99.556
127.727,209.631,117.117,166.232,212.100,317.190,,,333.836,99.556
60.411,210.591,412.814,166.781,8.186,318.151,,,361.138,99.556
277.404,210.591,204.875,167.650,154.388,318.562,,,34.024,99.968
360.406,210.591,366.305,167.833,428.134,319.431,,,170.165,99.968
205.424,212.100,328.623,168.061,280.788,319.660,,,288.105,100.105
373.942,212.192,174.281,168.153,363.973,320.254,,,296.794,101.569
394.796,212.603,392.372,168.382,341.108,321.215,,,16.463,101.797
410.344,213.061,431.289,168.565,185.714,322.587,,,73.078,101.980
250.286,213.152,53.917,168.702,101.157,322.815,,,260.987,101.980
16.783,213.472,286.413,168.793,231.125,323.044,,,159.693,102.117
185.851,213.472,256.551,169.113,298.258,323.684,,,81.904,102.620
75.548,213.655,137.970,169.342,,,,,352.998,102.620
219.097,214.113,106.553,170.074,,,,,374.583,102.758
28.445,214.433,225.637,170.165,,,,,393.973,102.758
164.357,214.616,351.809,170.257,,,,,184.479,103.032
431.335,215.805,193.671,170.714,,,,,147.208,103.261
260.667,216.308,24.420,170.805,,,,,345.589,103.261
50.670,216.445,313.395,170.897,,,,,413.225,103.261
333.425,216.628,166.141,172.406,,,,,251.978,103.672
302.053,217.359,155.257,172.817,,,,,117.254,103.809
351.626,217.817,246.261,172.817,,,,,317.007,103.901
91.325,219.189,381.259,172.817,,,,,363.562,103.901
232.725,219.280,35.853,172.909,,,,,94.892,104.130
38.688,220.149,66.859,173.458,,,,,267.984,104.130
107.376,220.652,270.956,173.641,,,,,325.559,104.221
412.036,220.789,403.713,173.778,,,,,60.822,104.312
312.251,220.881,420.634,173.961,,,,,200.119,104.541
288.746,220.972,78.383,174.281,,,,,279.508,105.181
146.248,221.064,90.364,174.738,,,,,134.266,105.364
382.540,221.612,7.271,174.830,,,,,36.265,106.233
131.843,222.024,337.312,174.830,,,,,235.698,106.233
173.138,222.801,178.122,175.241,,,,,227.237,106.325
247.954,223.396,392.692,175.973,,,,,422.006,106.462
362.418,223.533,210.728,176.110,,,,,43.856,106.645
371.702,224.356,260.347,176.430,,,,,209.768,106.645
119.770,224.585,127.910,176.750,,,,,404.628,106.645
325.879,224.905,322.587,176.750,,,,,25.244,106.736
424.887,224.997,289.477,177.070,,,,,218.137,106.965
157.909,225.408,100.837,177.482,,,,,165.501,107.514
274.660,225.408,45.685,177.894,,,,,306.215,107.605
401.564,225.637,139.159,177.894,,,,,126.446,107.697
206.247,225.957,218.457,177.894,,,,,10.975,107.925
57.850,226.186,54.694,178.122,,,,,73.627,107.925
191.110,226.369,199.799,178.122,,,,,335.391,108.337
297.938,226.597,301.413,178.442,,,,,85.288,108.474
83.459,226.689,116.065,178.854,,,,,288.608,108.474
346.824,226.780,16.372,180.226,,,,,106.645,108.565
0.686,227.969,365.071,180.226,,,,,190.058,108.565
391.412,229.981,233.137,180.866,,,,,52.453,108.886
223.213,230.621,344.629,181.689,,,,,379.247,108.886
251.566,231.902,279.508,181.918,,,,,142.132,109.068
335.849,231.902,85.883,182.878,,,,,173.458,109.937
264.371,232.222,182.009,183.610,,,,,370.238,110.349
31.051,232.314,357.205,183.610,,,,,246.810,110.578
99.968,232.314,157.772,183.701,,,,,150.684,110.761
145.196,232.496,307.770,183.701,,,,,101.477,110.898
15.183,233.045,243.655,184.159,,,,,314.675,110.898
69.282,233.045,65.670,184.250,,,,,295.834,110.989
307.678,233.365,31.600,184.342,,,,,357.434,111.081
169.113,233.594,172.909,184.342,,,,,389.400,111.218
360.406,234.234,334.019,184.799,,,,,17.927,111.309
414.826,234.417,375.223,184.799,,,,,184.022,111.309
178.625,235.149,418.073,185.211,,,,,258.883,111.309
430.375,235.286,388.851,186.034,,,,,115.654,111.538
132.894,235.378,253.396,186.171,,,,,64.526,111.629
231.765,236.338,318.562,186.262,,,,,397.540,112.178
292.770,236.338,191.110,186.354,,,,,272.511,112.453
41.432,236.658,407.097,186.491,,,,,428.682,112.453
375.131,236.749,137.788,186.674,,,,,30.320,112.590
59.039,237.161,214.296,186.765,,,,,199.707,112.590
349.293,237.710,273.609,187.086,,,,,413.225,112.590
193.442,238.030,291.169,187.634,,,,,348.333,112.681
280.697,238.213,427.814,188.046,,,,,231.445,113.230
402.433,238.670,46.829,188.183,,,,,306.215,113.230
108.977,239.082,101.569,188.183,,,,,322.175,113.230
323.455,239.082,118.169,188.503,,,,,158.412,113.550
2.287,239.493,17.424,189.555,,,,,327.983,113.550
151.873,240.042,234.829,190.515,,,,,207.024,114.373
84.328,240.682,78.063,190.927,,,,,126.446,114.602
215.805,241.323,110.029,191.018,,,,,91.599,114.693
205.195,241.505,141.675,191.018,,,,,219.189,114.693
418.210,241.643,2.287,191.659,,,,,71.615,115.013
264.828,241.826,61.554,192.207,,,,,51.905,115.334
118.077,243.198,348.562,192.939,,,,,134.266,115.425
305.575,243.518,205.927,193.122,,,,,238.762,115.562
17.835,243.838,263.228,193.122,,,,,39.969,115.882
339.233,244.158,359.126,193.579,,,,,361.549,115.882
234.509,244.569,396.396,193.671,,,,,110.486,115.974
97.956,244.890,28.628,193.899,,,,,406.549,115.974
33.704,245.758,129.510,193.899,,,,,279.965,116.385
316.367,246.170,308.639,194.082,,,,,177.574,116.614
134.724,246.399,329.675,194.311,,,,,9.146,116.706
176.842,246.490,158.641,194.494,,,,,192.802,116.797
365.985,246.810,375.635,194.494,,,,,167.193,117.574
45.594,247.679,171.857,195.271,,,,,421.366,118.306
64.938,248.594,86.660,195.774,,,,,266.200,118.489
399.552,248.594,194.723,196.003,,,,,80.624,118.718
270.545,248.914,97.956,196.323,,,,,372.799,118.718
288.929,249.234,317.510,198.015,,,,,20.579,118.946
386.015,249.234,429.963,198.107,,,,,391.732,119.358
244.707,249.783,287.557,198.198,,,,,256.551,119.678
354.370,250.286,67.819,198.335,,,,,100.288,119.907
6.402,250.514,219.829,198.518,,,,,353.638,119.907
149.083,250.514,246.719,198.976,,,,,383.455,119.907
189.235,250.514,385.924,199.067,,,,,247.039,119.998
226.186,250.743,8.415,199.159,,,,,427.631,120.410
206.887,252.435,408.012,199.707,,,,,119.998,120.501
162.665,252.527,340.696,199.936,,,,,141.355,120.821
374.994,252.527,269.584,200.210,,,,,398.591,120.821
408.561,252.527,37.637,200.530,,,,,230.713,121.141
423.789,252.938,183.610,200.851,,,,,58.261,121.279
299.538,254.219,415.420,202.040,,,,,50.670,121.462
254.630,254.447,116.934,202.360,,,,,12.210,121.599
324.416,255.179,138.611,202.451,,,,,187.863,121.599
139.480,255.819,150.775,202.543,,,,,344.949,121.599
110.349,255.911,229.981,202.863,,,,,335.391,121.690
341.108,255.911,47.697,203.412,,,,,315.315,121.782
50.761,256.231,295.285,203.640,,,,,91.096,121.919
81.264,256.231,77.880,203.915,,,,,152.193,122.193
173.641,256.231,239.722,203.915,,,,,213.472,122.193
32.012,256.551,357.754,203.915,,,,,297.709,122.330
95.441,257.374,367.997,204.143,,,,,66.219,122.422
123.291,258.334,129.007,204.463,,,,,327.480,122.742
69.694,259.203,168.153,204.783,,,,,306.398,122.971
284.081,259.615,252.115,204.875,,,,,129.099,123.062
309.462,259.615,106.004,205.332,,,,,163.626,123.062
15.731,259.935,21.951,205.424,,,,,238.213,123.154
200.668,260.255,197.924,205.927,,,,,30.320,123.382
231.582,260.895,392.372,206.064,,,,,366.946,124.022
214.936,261.078,208.808,206.247,,,,,271.688,124.114
391.503,261.719,318.151,206.704,,,,,413.225,124.114
360.726,262.267,377.418,206.796,,,,,40.609,124.343
401.793,262.267,303.562,207.116,,,,,201.308,124.343
272.328,262.587,264.188,207.207,,,,,172.497,124.846
243.426,262.679,404.445,207.665,,,,,0.457,125.303
160.973,264.051,56.706,207.756,,,,,289.066,125.486
331.184,264.051,276.856,207.847,,,,,80.487,125.623
348.836,264.051,330.132,208.168,,,,,192.207,125.806
258.152,264.371,8.415,208.808,,,,,374.491,126.035
188.275,264.691,186.034,208.899,,,,,392.143,126.035
421.274,265.103,428.454,209.128,,,,,279.737,126.355
43.262,266.383,95.121,209.448,,,,,104.312,126.538
134.586,266.703,134.083,210.820,,,,,137.788,126.675
100.197,267.023,30.640,211.552,,,,,351.717,126.995
295.285,267.343,344.949,211.872,,,,,404.216,126.995
63.566,267.435,153.565,212.283,,,,,418.210,126.995
174.189,267.892,223.716,212.421,,,,,21.859,127.178
321.352,268.395,247.130,212.512,,,,,209.631,127.407
369.689,268.395,83.596,212.924,,,,,115.654,127.498
24.923,268.715,289.889,212.924,,,,,252.115,127.910
7.591,268.807,42.621,213.381,,,,,262.587,128.138
112.361,269.447,173.869,214.433,,,,,296.017,128.230
79.435,269.904,269.264,214.844,,,,,149.540,128.367
146.888,270.225,392.052,215.256,,,,,320.894,129.007
227.558,270.316,337.952,216.216,,,,,69.923,129.327
311.382,270.316,363.241,216.308,,,,,47.880,129.419
206.064,271.459,419.765,216.308,,,,,57.758,129.602
337.312,272.100,408.469,216.445,,,,,98.093,129.830
407.509,272.328,312.343,216.536,,,,,312.114,130.150
123.794,273.060,112.041,217.085,,,,,30.868,130.242
239.951,273.609,378.927,217.268,,,,,342.205,130.242
379.888,273.792,298.989,217.359,,,,,226.048,130.379
253.990,275.392,208.899,217.588,,,,,330.544,130.471
196.323,276.124,143.504,217.680,,,,,426.762,130.699
39.649,276.535,101.248,217.817,,,,,157.589,131.111
391.732,276.535,163.305,218.228,,,,,122.971,131.339
282.709,276.993,55.426,218.320,,,,,357.342,131.339
53.734,277.084,65.898,218.548,,,,,37.728,131.751
345.909,277.404,18.155,218.640,,,,,88.352,131.843
295.514,277.496,127.086,219.509,,,,,303.654,131.843
91.096,278.365,230.804,219.509,,,,,400.421,131.843
422.737,278.365,354.049,219.829,,,,,10.655,132.071
151.873,278.776,4.619,220.149,,,,,236.018,132.163
17.835,279.188,323.455,221.612,,,,,367.997,132.574
263.411,279.188,251.246,221.841,,,,,199.616,132.803
104.953,279.325,343.989,222.253,,,,,246.079,133.032
325.376,279.325,189.967,222.344,,,,,411.853,133.032
358.257,279.416,400.924,222.573,,,,,217.268,133.123
168.382,279.828,81.035,223.076,,,,,189.646,133.214
220.012,279.965,201.948,223.853,,,,,268.807,133.626
180.775,280.148,176.522,224.997,,,,,78.474,133.763
68.962,280.788,35.533,225.088,,,,,133.626,134.175
410.024,281.977,214.844,225.088,,,,,281.109,134.403
135.867,282.709,283.669,225.088,,,,,169.113,134.586
307.129,283.212,266.795,225.225,,,,,373.851,135.227
121.690,283.944,91.096,225.545,,,,,114.693,135.318
272.328,284.172,366.443,225.728,,,,,177.665,135.455
431.335,284.584,379.247,225.728,,,,,259.295,135.455
374.674,285.224,113.413,225.865,,,,,348.333,135.455
3.979,285.453,336.992,225.957,,,,,18.475,135.775
205.424,285.682,152.056,226.048,,,,,289.249,135.775
232.634,285.773,419.033,226.597,,,,,70.243,136.187
86.843,286.505,140.120,226.780,,,,,419.673,136.187
244.249,286.916,63.017,227.420,,,,,52.453,136.827
25.792,287.054,164.037,227.420,,,,,393.195,136.827
341.656,287.054,239.402,227.740,,,,,105.501,137.056
362.738,287.236,51.722,228.198,,,,,154.708,137.147
60.731,288.425,389.308,228.701,,,,,208.808,137.239
108.474,288.425,14.771,229.432,,,,,97.956,137.330
194.403,289.249,101.569,229.432,,,,,334.888,137.559
329.904,289.889,72.164,229.661,,,,,405.908,137.559
216.628,290.209,399.049,229.661,,,,,381.442,137.970
414.506,290.941,310.834,230.210,,,,,142.955,138.108
399.140,291.078,126.995,230.393,,,,,310.834,138.519
293.410,291.398,248.594,230.530,,,,,318.699,138.519
142.452,291.810,41.569,231.353,,,,,360.406,138.519
388.348,291.810,187.223,231.353,,,,,241.323,138.611
315.818,292.130,355.513,231.582,,,,,63.155,138.748
256.780,292.861,289.066,231.765,,,,,273.792,138.748
267.115,293.593,26.204,231.902,,,,,42.484,138.931
35.716,293.685,410.344,232.085,,,,,229.753,138.931
132.803,294.142,326.519,232.222,,,,,2.607,139.342
356.382,294.142,299.721,232.314,,,,,123.885,139.891
373.714,294.142,81.676,232.725,,,,,222.664,140.211
158.321,294.462,372.250,233.914,,,,,191.887,140.303
48.978,295.514,196.095,234.006,,,,,31.509,140.760
75.548,296.017,224.265,234.509,,,,,89.313,140.760
176.202,296.017,344.537,235.286,,,,,133.123,141.263
283.349,296.245,115.974,235.378,,,,,248.274,141.263
238.213,296.566,207.665,235.698,,,,,326.291,141.263
104.221,298.669,3.338,236.018,,,,,201.308,141.355
92.057,299.309,152.924,236.246,,,,,160.104,141.492
341.976,300.498,426.442,236.338,,,,,284.401,141.492
14.863,300.910,13.811,236.749,,,,,264.600,141.675
328.760,301.002,263.639,237.298,,,,,169.845,141.812
122.513,301.093,162.437,237.801,,,,,343.028,141.812
201.399,301.413,317.968,238.213,,,,,426.259,142.315
217.908,301.733,175.790,238.350,,,,,12.027,142.772
385.924,301.962,397.357,238.441,,,,,396.396,143.275
299.127,302.282,47.469,239.310,,,,,412.174,143.595
27.027,302.373,388.576,239.310,,,,,256.551,144.007
150.775,302.694,105.364,239.722,,,,,21.311,144.236
421.457,302.694,331.596,240.225,,,,,57.118,144.327
407.189,303.014,243.746,240.774,,,,,182.970,144.464
229.981,303.654,415.238,240.865,,,,,214.844,144.556
267.572,303.654,137.650,241.002,,,,,78.383,144.647
311.474,303.745,27.164,241.734,,,,,106.553,144.647
369.415,303.883,60.822,241.734,,,,,145.928,144.876
59.130,304.706,283.349,242.146,,,,,117.026,145.059
188.686,304.934,89.175,242.374,,,,,333.516,145.196
3.841,305.254,231.902,242.374,,,,,369.095,145.196
354.690,305.254,309.050,242.877,,,,,388.439,145.196
112.453,305.666,196.826,243.335,,,,,166.552,145.516
70.883,306.626,369.278,243.335,,,,,69.831,145.608
243.838,307.038,211.872,243.838,,,,,296.794,145.608
169.113,307.267,38.048,244.066,,,,,353.089,145.608
134.266,307.678,358.806,244.249,,,,,235.149,145.928
285.682,307.998,73.627,244.478,,,,,288.608,145.928
253.807,309.690,390.360,245.941,,,,,376.183,146.019
81.035,310.011,180.958,246.079,,,,,41.249,146.156
144.784,311.382,15.000,246.170,,,,,307.907,146.156
203.503,311.474,405.177,246.261,,,,,193.122,146.476
401.564,311.794,121.690,246.399,,,,,51.905,147.071
322.266,311.931,344.720,246.490,,,,,275.712,147.391
27.576,312.343,274.112,246.719,,,,,205.012,147.528
428.362,313.074,292.450,247.954,,,,,320.071,147.940
383.363,313.303,1.738,248.091,,,,,89.313,148.260
48.841,313.395,336.352,248.091,,,,,358.257,148.351
216.308,313.395,261.307,248.182,,,,,346.824,148.580
345.681,313.715,108.474,248.594,,,,,419.673,148.672
96.721,314.264,155.760,248.731,,,,,3.841,148.763
158.824,314.264,91.416,249.234,,,,,404.765,148.763
365.574,314.446,422.646,249.371,,,,,136.187,148.900
13.902,314.995,222.344,249.554,,,,,225.225,148.992
334.477,314.995,318.791,250.606,,,,,30.548,149.083
291.078,315.178,378.287,250.743,,,,,250.103,149.083
189.006,316.276,141.812,250.926,,,,,99.785,149.540
123.702,316.459,43.673,251.658,,,,,187.634,149.632
175.790,316.687,167.193,251.658,,,,,151.644,149.723
231.125,317.190,230.073,251.795,,,,,159.373,150.181
112.681,317.510,55.426,252.618,,,,,260.895,150.592
267.023,317.510,304.065,252.755,,,,,429.003,150.912
417.570,317.510,100.928,253.075,,,,,125.303,151.324
277.496,317.648,78.383,253.258,,,,,13.811,151.415
68.002,318.471,122.833,253.396,,,,,383.455,151.644
304.386,318.471,361.366,253.807,,,,,111.858,151.873
245.941,320.391,17.195,254.127,,,,,215.347,151.964
353.409,320.712,185.851,254.310,,,,,243.746,152.193
317.007,321.032,350.986,254.539,,,,,173.778,152.467
375.314,321.352,243.838,254.950,,,,,328.211,152.467
405.588,321.855,27.256,255.088,,,,,419.994,152.787
143.275,321.992,417.753,255.362,,,,,410.482,153.016
387.708,322.084,405.817,255.591,,,,,197.787,153.107
40.609,322.815,135.044,255.682,,,,,290.300,153.245
212.603,323.044,329.492,256.231,,,,,310.742,153.336
225.088,323.867,197.375,256.551,,,,,299.721,153.565
3.338,324.690,288.517,256.642,,,,,66.539,153.656
,,207.344,257.603,,,,,270.087,153.656
,,62.423,257.694,,,,,280.468,153.656
,,385.375,257.694,,,,,335.940,153.656
,,253.258,257.831,,,,,81.264,153.748
,,273.151,258.655,,,,,395.436,153.976
,,113.733,259.203,,,,,140.623,154.296
,,396.579,259.295,,,,,44.816,154.479
,,219.829,259.706,,,,,23.231,154.708
,,152.924,260.804,,,,,206.567,155.028
,,170.577,260.804,,,,,93.749,155.348
,,45.868,260.987,,,,,376.915,155.577
,,367.997,261.216,,,,,3.338,155.668
,,426.762,261.216,,,,,52.362,155.668
,,315.635,261.719,,,,,344.080,156.080
,,339.324,262.587,,,,,354.461,156.217
,,74.999,262.816,,,,,257.100,156.309
,,179.174,263.639,,,,,105.364,156.949
,,326.840,263.639,,,,,164.860,157.040
,,410.161,263.639,,,,,223.076,157.132
,,141.583,263.959,,,,,426.762,157.132
,,234.646,264.051,,,,,228.518,157.681
,,104.312,264.600,,,,,36.585,157.772
,,90.364,265.331,,,,,176.202,157.772
,,26.524,265.880,,,,,116.294,158.092
,,290.529,265.972,,,,,387.479,158.184
,,65.898,266.383,,,,,286.916,158.321
,,249.554,266.383,,,,,403.393,158.412
,,351.397,266.520,,,,,318.791,158.504
,,301.870,266.612,,,,,149.083,158.732
,,379.156,267.023,,,,,362.738,158.824
,,191.750,267.435,,,,,83.596,159.052
,,37.317,267.572,,,,,126.035,159.052
,,3.841,267.755,,,,,158.412,159.052
,,18.704,268.807,,,,,70.975,159.144
,,120.318,268.944,,,,,272.237,159.601
,,280.240,268.944,,,,,60.594,159.693
,,205.424,269.356,,,,,247.450,159.693
,,163.626,269.676,,,,,265.423,159.693
,,222.893,269.996,,,,,296.154,160.013
,,52.774,270.087,,,,,182.970,160.196
,,150.501,270.545,,,,,201.948,160.333
,,264.691,270.728,,,,,309.050,160.333
,,341.108,270.956,,,,,237.618,160.653
,,403.256,271.688,,,,,327.891,160.653
,,136.095,271.917,,,,,337.541,161.293
,,366.946,272.008,,,,,192.299,161.385
,,429.323,272.648,,,,,412.997,161.385
,,310.559,273.609,,,,,216.308,161.796
,,392.784,273.609,,,,,420.725,161.934
,,106.462,273.700,,,,,18.475,162.025
,,81.264,274.112,,,,,53.917,162.208
,,291.901,275.072,,,,,94.572,162.345
,,321.032,275.484,,,,,394.476,162.345
,,355.421,275.484,,,,,139.068,162.985
,,419.353,275.484,,,,,121.690,163.168
,,171.217,275.621,,,,,178.854,163.488
,,68.871,275.712,,,,,318.699,163.717
,,8.643,276.261,,,,,430.969,163.900
,,237.938,276.444,,,,,44.633,164.037
,,118.306,277.084,,,,,221.384,164.129
,,26.295,277.496,,,,,76.691,164.769
,,95.532,277.496,,,,,147.620,164.769
,,225.545,277.724,,,,,371.199,164.860
,,178.763,277.816,,,,,37.545,164.997
,,58.399,277.953,,,,,260.255,165.180
,,410.893,277.953,,,,,352.449,165.180
,,44.633,278.227,,,,,379.247,165.318
,,382.951,278.227,,,,,112.178,165.638
,,192.482,278.868,,,,,360.406,165.821
,,211.232,278.868,,,,,100.837,165.912
,,367.266,279.188,,,,,27.347,166.141
,,274.752,279.645,,,,,230.301,166.232
,,147.071,279.737,,,,,165.729,166.690
,,331.275,279.965,,,,,152.924,167.101
,,254.950,280.148,,,,,245.347,167.101
,,345.452,281.337,,,,,278.685,167.101
,,129.739,281.977,,,,,301.322,167.101
,,110.349,282.160,,,,,131.934,167.650
,,200.668,283.212,,,,,199.159,167.650
,,247.039,283.761,,,,,406.549,167.741
,,160.516,283.944,,,,,64.938,167.924
,,316.459,284.081,,,,,270.545,168.061
,,264.051,284.172,,,,,188.046,168.153
,,34.984,284.493,,,,,88.444,168.244
,,16.372,285.133,,,,,345.269,168.473
,,72.575,285.133,,,,,385.467,169.113
,,303.014,285.133,,,,,4.070,169.936
,,423.149,285.133,,,,,209.219,169.936
,,287.145,286.413,,,,,333.516,169.936
,,171.537,286.505,,,,,327.160,170.165
,,53.597,286.596,,,,,12.119,170.485
,,228.381,286.733,,,,,415.420,170.485
,,394.887,287.054,,,,,308.822,170.897
,,103.352,288.608,,,,,370.330,171.034
,,90.868,288.837,,,,,286.596,171.217
,,377.875,289.477,,,,,145.059,171.446
,,4.802,289.660,,,,,253.258,171.446
,,405.085,289.660,,,,,181.689,171.857
,,356.885,289.797,,,,,296.794,171.857
,,325.239,289.980,,,,,160.653,171.949
,,340.696,291.169,,,,,40.289,172.086
,,212.603,291.489,,,,,427.311,172.177
,,116.934,291.810,,,,,56.798,172.497
,,20.487,291.993,,,,,260.027,172.589
,,61.142,292.541,,,,,396.899,173.046
,,129.922,292.770,,,,,124.434,173.366
,,236.109,293.182,,,,,105.913,173.641
,,79.435,293.273,,,,,173.458,173.641
,,181.506,293.273,,,,,71.615,173.869
,,191.110,293.685,,,,,317.419,173.869
,,272.831,294.005,,,,,222.801,173.961
,,368.958,294.142,,,,,134.403,174.098
,,248.594,294.325,,,,,193.671,174.098
,,45.868,294.462,,,,,28.948,174.418
,,418.073,294.553,,,,,49.893,174.510
,,295.102,294.874,,,,,409.430,175.150
,,153.748,295.514,,,,,112.361,175.241
,,29.176,296.154,,,,,233.137,175.241
,,386.656,296.154,,,,,342.845,175.241
,,264.371,296.794,,,,,361.229,175.241
,,429.094,296.794,,,,,82.316,175.790
,,142.544,296.977,,,,,352.266,175.881
,,352.540,297.526,,,,,95.212,176.202
,,202.863,297.938,,,,,246.490,176.476
,,331.824,298.166,,,,,387.479,176.202
,,310.742,298.258,,,,,267.755,176.522
,,96.813,298.669,,,,,378.287,176.522
,,407.829,298.669,,,,,203.503,176.613
,,219.600,298.806,,,,,304.065,176.750
,,130.791,299.127,,,,,419.445,177.070
,,19.024,299.401,,,,,64.526,177.345
,,4.070,299.538,,,,,153.656,177.665
,,112.270,300.819,,,,,276.444,177.985
,,167.193,301.550,,,,,330.224,177.985
,,279.325,301.642,,,,,161.385,178.305
,,379.156,301.733,,,,,88.855,178.534
,,56.249,301.962,,,,,213.381,178.534
,,66.127,301.962,,,,,1.555,178.625
,,179.814,302.694,,,,,10.747,179.083
,,246.810,302.694,,,,,285.224,179.083
,,34.253,302.922,,,,,351.077,179.997
,,359.766,302.922,,,,,313.943,180.317
,,338.592,303.014,,,,,26.707,180.637
,,390.451,303.654,,,,,35.213,180.637
,,81.676,303.745,,,,,189.326,180.637
,,318.882,303.745,,,,,139.068,180.866
,,233.594,304.386,,,,,129.419,180.958
,,142.315,305.437,,,,,225.408,180.958
,,302.602,305.666,,,,,255.362,180.958
,,193.259,305.758,,,,,361.366,180.958
,,289.477,306.398,,,,,322.907,181.049
,,269.996,306.626,,,,,44.176,181.369
,,418.713,306.809,,,,,167.833,181.369
,,130.059,307.267,,,,,174.921,181.369
,,222.481,307.587,,,,,399.872,181.598
,,98.916,308.547,,,,,100.837,181.826
,,399.872,308.547,,,,,54.877,181.918
,,206.476,309.370,,,,,116.065,181.918
,,258.334,309.370,,,,,293.822,182.009
,,160.973,309.782,,,,,369.827,182.009
,,429.003,309.782,,,,,391.503,182.330
,,117.986,310.239,,,,,429.323,182.467
,,61.645,310.422,,,,,70.471,182.878
,,42.393,310.742,,,,,239.402,183.061
,,346.001,310.742,,,,,196.826,183.381
,,372.342,310.971,,,,,15.274,183.519
,,14.542,311.062,,,,,411.625,183.839
,,149.312,311.154,,,,,267.252,184.159
,,24.192,311.291,,,,,232.222,184.250
,,76.920,312.663,,,,,217.817,184.342
,,108.017,312.663,,,,,146.476,185.302
,,183.610,312.754,,,,,248.822,185.302
,,236.246,313.715,,,,,383.134,185.302
,,357.022,313.806,,,,,80.715,185.394
,,407.097,314.264,,,,,160.013,186.171
,,284.264,314.446,,,,,61.142,186.262
,,170.897,315.315,,,,,91.828,186.354
,,325.376,315.407,,,,,279.828,186.583
,,203.503,316.138,,,,,7.134,186.674
,,302.602,316.276,,,,,310.011,186.674
,,221.064,316.687,,,,,184.159,186.765
,,92.468,317.007,,,,,208.488,186.765
,,312.983,317.510,,,,,106.142,187.223
,,382.723,317.648,,,,,328.943,187.223
,,337.312,318.059,,,,,421.777,187.223
,,394.156,318.379,,,,,300.361,188.183
,,243.426,318.471,,,,,122.833,188.686
,,272.831,318.471,,,,,50.670,189.098
,,132.071,318.791,,,,,343.669,189.555
,,37.865,320.071,,,,,133.626,189.646
,,259.386,320.071,,,,,32.560,189.738
,,423.789,321.443,,,,,114.373,189.875
,,120.821,321.672,,,,,173.869,189.875
,,7.866,322.175,,,,,194.311,190.058
,,20.487,322.404,,,,,372.571,190.058
,,358.257,322.495,,,,,363.882,190.195
,,51.173,323.135,,,,,393.104,190.378
,,288.288,323.227,,,,,21.448,190.790
,,75.410,323.958,,,,,354.049,190.927
,,180.637,324.187,,,,,270.728,191.018
,,370.330,324.279,,,,,246.261,191.247
,,147.208,324.324,,,,,290.529,191.247
,,106.142,324.507,,,,,256.963,191.430
,,327.571,324.736,,,,,229.341,191.887
,,,,,,,,408.012,191.887
,,,,,,,,100.608,191.979
,,,,,,,,82.087,192.299
,,,,,,,,42.484,192.390
,,,,,,,,238.670,192.482
,,,,,,,,71.295,192.939
,,,,,,,,148.489,192.939
,,,,,,,,164.449,192.939
,,,,,,,,316.779,193.259
,,,,,,,,426.670,193.259
,,,,,,,,200.530,193.351
,,,,,,,,220.652,193.351
,,,,,,,,139.891,193.762
,,,,,,,,322.724,193.762
,,,,,,,,55.014,193.991
,,,,,,,,333.928,194.220
,,,,,,,,385.055,194.220
,,,,,,,,282.801,194.723
,,,,,,,,209.539,194.951
,,,,,,,,189.235,195.363
,,,,,,,,12.530,195.592
,,,,,,,,177.345,195.592
,,,,,,,,399.232,195.592
,,,,,,,,32.423,196.003
,,,,,,,,91.508,196.323
,,,,,,,,109.709,196.323
,,,,,,,,310.422,196.323
,,,,,,,,411.305,196.506
,,,,,,,,2.927,196.735
,,,,,,,,301.870,196.735
,,,,,,,,418.530,196.735
,,,,,,,,345.909,196.963
,,,,,,,,61.645,197.146
,,,,,,,,365.711,197.467
,,,,,,,,293.410,197.604
,,,,,,,,128.458,197.787
,,,,,,,,119.998,198.015
,,,,,,,,257.374,198.335
,,,,,,,,375.543,198.427
,,,,,,,,153.885,198.518
,,,,,,,,356.382,198.747
,,,,,,,,275.712,198.838
,,,,,,,,20.487,199.159
,,,,,,,,251.795,199.479
,,,,,,,,168.061,199.616
,,,,,,,,225.408,199.707
,,,,,,,,71.203,199.936
,,,,,,,,197.284,200.119
,,,,,,,,42.484,200.439
,,,,,,,,242.694,200.851
,,,,,,,,214.844,200.988
,,,,,,,,390.451,200.988
,,,,,,,,235.469,201.079
,,,,,,,,332.007,201.491
,,,,,,,,318.151,201.719
,,,,,,,,83.368,201.811
,,,,,,,,143.824,202.040
,,,,,,,,52.225,202.451
,,,,,,,,185.942,202.863
,,,,,,,,351.397,202.863
,,,,,,,,7.134,203.000
,,,,,,,,404.445,203.000
,,,,,,,,382.220,203.183
,,,,,,,,425.070,203.412
,,,,,,,,281.749,203.640
,,,,,,,,110.029,203.732
,,,,,,,,32.972,204.052
,,,,,,,,204.052,204.052
,,,,,,,,339.553,204.052
,,,,,,,,94.892,204.372
,,,,,,,,178.625,204.463
,,,,,,,,364.110,204.463
,,,,,,,,15.914,205.332
,,,,,,,,61.783,205.424
,,,,,,,,153.245,205.835
,,,,,,,,257.694,205.835
,,,,,,,,413.225,206.064
,,,,,,,,122.422,206.476
,,,,,,,,133.352,206.476
,,,,,,,,372.022,206.796
,,,,,,,,160.516,207.024
,,,,,,,,46.188,207.116
,,,,,,,,230.393,207.756
,,,,,,,,308.639,207.756
,,,,,,,,79.663,207.847
,,,,,,,,397.860,207.939
,,,,,,,,193.031,208.076
,,,,,,,,216.948,208.076
,,,,,,,,24.420,208.259
,,,,,,,,241.094,208.396
,,,,,,,,100.928,208.488
,,,,,,,,170.165,208.716
,,,,,,,,250.835,208.899
,,,,,,,,321.672,208.899
,,,,,,,,115.013,209.539
,,,,,,,,292.541,209.539
,,,,,,,,54.374,210.408
,,,,,,,,36.448,210.591
,,,,,,,,200.210,210.591
,,,,,,,,271.368,210.591
,,,,,,,,88.352,210.820
,,,,,,,,263.731,210.820
,,,,,,,,303.745,210.911
,,,,,,,,378.927,211.369
,,,,,,,,339.644,211.643
,,,,,,,,158.321,211.872
,,,,,,,,365.802,211.872
,,,,,,,,388.759,211.963
,,,,,,,,313.303,212.100
,,,,,,,,419.582,212.192
,,,,,,,,140.531,212.283
,,,,,,,,281.749,212.283
,,,,,,,,329.904,212.421
,,,,,,,,4.619,212.512
,,,,,,,,67.911,212.512
,,,,,,,,427.082,212.832
,,,,,,,,349.705,212.924
,,,,,,,,209.631,213.381
,,,,,,,,403.576,213.472
,,,,,,,,130.562,213.564
,,,,,,,,95.441,213.884
,,,,,,,,356.290,214.204
,,,,,,,,181.049,214.296
,,,,,,,,189.738,214.616
,,,,,,,,61.966,214.844
,,,,,,,,234.326,215.256
,,,,,,,,147.071,215.347
,,,,,,,,168.382,215.485
,,,,,,,,106.736,215.805
,,,,,,,,414.049,215.805
,,,,,,,,222.664,215.896
,,,,,,,,22.180,215.988
,,,,,,,,72.255,217.085
,,,,,,,,395.116,217.177
,,,,,,,,43.582,217.268
,,,,,,,,81.584,217.268
,,,,,,,,265.331,217.268
,,,,,,,,31.509,217.497
,,,,,,,,122.193,217.588
,,,,,,,,253.670,217.817
,,,,,,,,12.027,218.000
,,,,,,,,339.736,218.137
,,,,,,,,204.052,218.228
,,,,,,,,388.348,218.228
,,,,,,,,320.071,218.457
,,,,,,,,292.861,218.548
,,,,,,,,215.485,218.960
,,,,,,,,307.267,219.097
,,,,,,,,427.631,219.692
,,,,,,,,329.263,219.829
,,,,,,,,272.648,220.012
,,,,,,,,375.543,220.241
,,,,,,,,153.016,220.469
,,,,,,,,282.252,220.469
,,,,,,,,298.578,220.652
,,,,,,,,367.403,221.292
,,,,,,,,53.825,221.384
,,,,,,,,86.980,221.384
,,,,,,,,115.654,221.384
,,,,,,,,419.582,221.612
,,,,,,,,405.908,221.841
,,,,,,,,178.122,222.024
,,,,,,,,348.745,222.253
,,,,,,,,97.453,222.344
,,,,,,,,65.578,222.573
,,,,,,,,138.428,222.664
,,,,,,,,357.525,222.664
,,,,,,,,238.121,222.801
,,,,,,,,195.454,222.984
,,,,,,,,164.220,223.396
,,,,,,,,126.766,223.533
,,,,,,,,6.494,223.625
,,,,,,,,18.384,224.265
,,,,,,,,318.242,224.265
,,,,,,,,107.056,224.356
,,,,,,,,252.847,224.494
,,,,,,,,185.851,224.814
,,,,,,,,229.021,224.905
,,,,,,,,384.003,224.905
,,,,,,,,44.085,224.997
,,,,,,,,341.016,225.317
,,,,,,,,31.371,225.408
,,,,,,,,311.931,225.408
,,,,,,,,396.717,225.408
,,,,,,,,146.019,225.728
,,,,,,,,75.959,226.048
,,,,,,,,261.719,226.277
,,,,,,,,170.714,226.369
,,,,,,,,286.596,227.329
,,,,,,,,216.628,227.878
,,,,,,,,367.906,228.289
,,,,,,,,329.172,228.381
,,,,,,,,202.040,228.518
,,,,,,,,304.614,228.701
,,,,,,,,414.186,228.701
,,,,,,,,95.852,228.929
,,,,,,,,269.036,229.112
,,,,,,,,66.310,229.250
,,,,,,,,88.032,229.250
,,,,,,,,242.786,229.250
,,,,,,,,115.882,229.432
,,,,,,,,131.202,229.432
,,,,,,,,405.405,229.432
,,,,,,,,234.417,229.570
,,,,,,,,295.605,229.661
,,,,,,,,152.924,229.753
,,,,,,,,359.446,229.890
,,,,,,,,181.918,229.981
,,,,,,,,429.826,230.393
,,,,,,,,55.609,230.621
,,,,,,,,161.293,230.804
,,,,,,,,346.641,231.033
,,,,,,,,376.183,231.033
,,,,,,,,10.975,231.125
,,,,,,,,106.873,231.262
,,,,,,,,208.396,231.353
,,,,,,,,20.579,231.445
,,,,,,,,44.725,231.582
,,,,,,,,121.462,231.582
,,,,,,,,387.708,231.902
,,,,,,,,394.796,233.137
,,,,,,,,174.098,233.594
,,,,,,,,256.139,233.594
,,,,,,,,319.111,233.594
,,,,,,,,77.423,233.914
,,,,,,,,218.869,234.234
,,,,,,,,189.967,234.417
,,,,,,,,420.542,234.509
,,,,,,,,25.335,234.966
,,,,,,,,138.428,234.966
,,,,,,,,329.492,234.966
,,,,,,,,277.953,235.057
,,,,,,,,245.850,235.286
,,,,,,,,87.392,235.378
,,,,,,,,65.898,235.926
,,,,,,,,287.968,235.926
,,,,,,,,313.074,235.926
,,,,,,,,35.853,236.109
,,,,,,,,338.044,236.338
,,,,,,,,410.024,236.749
,,,,,,,,302.831,237.161
,,,,,,,,198.656,237.481
,,,,,,,,18.064,237.710
,,,,,,,,267.435,237.801
,,,,,,,,147.620,238.213
,,,,,,,,354.370,238.213
,,,,,,,,382.723,238.213
,,,,,,,,98.276,238.533
,,,,,,,,158.732,238.670
,,,,,,,,226.597,238.762
,,,,,,,,210.088,238.853
,,,,,,,,369.689,238.990
,,,,,,,,132.894,239.082
,,,,,,,,235.469,239.082
,,,,,,,,123.154,239.310
,,,,,,,,168.244,239.310
,,,,,,,,115.882,239.722
,,,,,,,,180.866,240.134
,,,,,,,,428.042,240.454
,,,,,,,,190.790,240.545
,,,,,,,,257.831,240.682
,,,,,,,,30.868,241.185
,,,,,,,,78.383,241.185
,,,,,,,,55.014,241.323
,,,,,,,,400.512,241.414
,,,,,,,,343.348,241.643
,,,,,,,,363.150,241.734
,,,,,,,,392.281,242.054
,,,,,,,,276.993,242.146
,,,,,,,,295.377,242.146
,,,,,,,,45.777,242.374
,,,,,,,,319.523,242.374
,,,,,,,,66.859,242.786
,,,,,,,,141.034,243.106
,,,,,,,,104.221,243.335
,,,,,,,,285.544,243.335
,,,,,,,,332.007,243.518
,,,,,,,,381.031,243.838
,,,,,,,,201.811,244.158
,,,,,,,,246.261,244.158
,,,,,,,,409.110,244.478
,,,,,,,,421.914,244.478
,,,,,,,,6.722,244.707
,,,,,,,,311.062,244.707
,,,,,,,,127.178,245.027
,,,,,,,,215.485,245.118
,,,,,,,,170.074,245.438
,,,,,,,,160.013,245.530
,,,,,,,,191.110,245.941
,,,,,,,,152.604,246.170
,,,,,,,,266.200,246.170
,,,,,,,,24.740,246.719
,,,,,,,,229.890,246.719
,,,,,,,,372.799,246.902
,,,,,,,,394.476,247.130
,,,,,,,,303.745,247.862
,,,,,,,,350.665,247.862
,,,,,,,,114.465,248.091
,,,,,,,,40.152,248.182
,,,,,,,,17.744,248.274
,,,,,,,,73.627,248.274
,,,,,,,,58.261,248.411
,,,,,,,,339.964,248.411
,,,,,,,,256.963,248.594
,,,,,,,,359.034,248.594
,,,,,,,,210.591,248.822
,,,,,,,,323.044,248.822
,,,,,,,,429.414,249.143
,,,,,,,,83.139,249.646
,,,,,,,,183.701,249.783
,,,,,,,,403.896,250.194
,,,,,,,,96.172,250.286
,,,,,,,,239.951,250.286
,,,,,,,,32.652,250.606
,,,,,,,,137.467,250.743
,,,,,,,,415.649,250.743
,,,,,,,,294.233,250.835
,,,,,,,,330.635,250.835
,,,,,,,,106.004,251.246
,,,,,,,,277.633,251.246
,,,,,,,,175.561,251.475
,,,,,,,,48.521,251.978
,,,,,,,,308.639,252.115
,,,,,,,,68.231,252.618
,,,,,,,,201.948,253.258
,,,,,,,,9.558,253.487
,,,,,,,,117.346,253.807
,,,,,,,,222.161,253.807
,,,,,,,,284.721,253.807
,,,,,,,,0.777,253.899
,,,,,,,,144.327,253.990
,,,,,,,,381.762,254.310
,,,,,,,,191.567,254.630
,,,,,,,,248.274,254.630
,,,,,,,,269.676,254.630
,,,,,,,,152.193,254.767
,,,,,,,,226.369,255.819
,,,,,,,,214.936,255.911
,,,,,,,,400.832,255.911
,,,,,,,,131.431,256.139
,,,,,,,,76.188,256.231
,,,,,,,,355.010,256.460
,,,,,,,,41.752,256.551
,,,,,,,,363.241,256.642
,,,,,,,,19.619,256.871
,,,,,,,,238.030,256.871
,,,,,,,,316.550,256.963
,,,,,,,,56.386,257.100
,,,,,,,,167.650,257.100
,,,,,,,,388.988,257.511
,,,,,,,,345.772,257.603
,,,,,,,,160.196,257.831
,,,,,,,,184.022,257.831
,,,,,,,,327.388,257.831
,,,,,,,,409.293,258.243
,,,,,,,,374.354,258.334
,,,,,,,,277.404,258.655
,,,,,,,,25.335,258.883
,,,,,,,,89.587,258.883
,,,,,,,,303.654,258.883
,,,,,,,,106.233,259.112
,,,,,,,,420.542,259.295
,,,,,,,,257.511,259.386
,,,,,,,,335.300,259.706
,,,,,,,,291.169,260.484
,,,,,,,,64.298,260.804
,,,,,,,,136.416,261.216
,,,,,,,,299.858,261.307
,,,,,,,,10.335,261.398
,,,,,,,,248.411,261.627
,,,,,,,,193.899,261.947
,,,,,,,,383.134,261.947
,,,,,,,,2.378,262.039
,,,,,,,,149.312,262.359
,,,,,,,,40.152,262.816
,,,,,,,,397.128,262.908
,,,,,,,,320.894,263.091
,,,,,,,,96.721,263.548
,,,,,,,,173.549,263.639
,,,,,,,,356.153,263.639
,,,,,,,,414.506,263.639
,,,,,,,,202.223,263.868
,,,,,,,,115.425,264.051
,,,,,,,,20.579,264.188
,,,,,,,,366.854,264.188
,,,,,,,,265.880,264.280
,,,,,,,,32.972,264.600
,,,,,,,,50.030,264.600
,,,,,,,,123.885,264.600
,,,,,,,,220.789,264.600
,,,,,,,,283.944,264.600
,,,,,,,,229.890,264.920
,,,,,,,,165.821,265.011
,,,,,,,,310.239,265.331
,,,,,,,,84.968,265.560
,,,,,,,,58.810,265.651
,,,,,,,,334.660,265.972
,,,,,,,,73.535,266.520
,,,,,,,,209.128,266.795
,,,,,,,,387.616,266.795
,,,,,,,,345.132,266.932
,,,,,,,,253.670,267.115
,,,,,,,,403.256,267.115
,,,,,,,,183.381,267.572
,,,,,,,,108.017,267.984
,,,,,,,,141.812,268.212
,,,,,,,,129.510,268.807
,,,,,,,,155.348,269.127
,,,,,,,,69.694,269.447
,,,,,,,,235.057,269.447
,,,,,,,,289.249,269.676
,,,,,,,,244.798,269.767
,,,,,,,,270.407,269.767
,,,,,,,,304.523,269.904
,,,,,,,,374.354,270.316
,,,,,,,,354.049,270.636
,,,,,,,,200.988,270.728
,,,,,,,,11.890,270.819
,,,,,,,,325.559,271.048
,,,,,,,,316.687,271.368
,,,,,,,,424.247,271.368
,,,,,,,,175.241,271.688
,,,,,,,,296.337,271.779
,,,,,,,,44.954,271.917
,,,,,,,,116.706,271.917
,,,,,,,,192.207,271.917
,,,,,,,,94.709,272.328
,,,,,,,,397.448,272.328
,,,,,,,,415.009,272.328
,,,,,,,,85.060,272.648
,,,,,,,,22.911,272.831
,,,,,,,,55.014,272.831
,,,,,,,,360.269,273.380
,,,,,,,,212.512,273.471
,,,,,,,,3.979,273.700
,,,,,,,,223.076,273.929
,,,,,,,,277.496,274.340
,,,,,,,,33.201,274.523
,,,,,,,,166.369,274.752
,,,,,,,,75.639,274.843
,,,,,,,,385.695,274.843
,,,,,,,,341.565,275.072
,,,,,,,,258.655,275.163
,,,,,,,,331.093,275.392
,,,,,,,,148.168,275.484
,,,,,,,,368.866,276.032
,,,,,,,,406.000,276.032
,,,,,,,,141.903,276.124
,,,,,,,,99.465,276.352
,,,,,,,,63.795,276.444
,,,,,,,,231.033,276.764
,,,,,,,,157.040,276.856
,,,,,,,,134.175,277.084
,,,,,,,,377.144,277.084
,,,,,,,,242.694,277.404
,,,,,,,,109.389,277.724
,,,,,,,,205.332,277.724
,,,,,,,,267.343,278.136
,,,,,,,,184.890,278.365
,,,,,,,,308.822,278.365
,,,,,,,,288.608,278.456
,,,,,,,,318.151,278.776
,,,,,,,,49.298,279.188
,,,,,,,,123.291,279.325
,,,,,,,,250.606,279.737
,,,,,,,,173.458,279.828
,,,,,,,,351.168,280.057
,,,,,,,,11.890,280.788
,,,,,,,,75.731,280.788
,,,,,,,,413.546,280.788
,,,,,,,,87.392,280.880
,,,,,,,,392.281,281.109
,,,,,,,,299.950,281.429
,,,,,,,,225.408,281.520
,,,,,,,,40.380,281.657
,,,,,,,,336.352,281.657
,,,,,,,,427.082,281.657
,,,,,,,,31.829,281.749
,,,,,,,,57.621,281.977
,,,,,,,,196.415,282.389
,,,,,,,,259.844,282.801
,,,,,,,,358.714,282.892
,,,,,,,,386.976,283.029
,,,,,,,,276.673,283.349
,,,,,,,,21.219,283.441
,,,,,,,,327.251,283.532
,,,,,,,,150.775,283.669
,,,,,,,,181.826,283.852
,,,,,,,,92.697,284.172
,,,,,,,,239.082,284.584
,,,,,,,,139.571,284.721
,,,,,,,,216.216,285.362
,,,,,,,,345.681,285.362
,,,,,,,,369.415,285.362
,,,,,,,,310.102,285.453
,,,,,,,,113.230,285.544
,,,,,,,,131.431,286.093
,,,,,,,,399.369,286.185
,,,,,,,,298.989,286.916
,,,,,,,,199.479,287.236
,,,,,,,,165.821,287.465
,,,,,,,,319.020,287.785
,,,,,,,,65.350,287.968
,,,,,,,,420.314,288.105
,,,,,,,,248.411,288.197
,,,,,,,,408.881,288.197
,,,,,,,,334.888,288.425
,,,,,,,,98.413,288.517
,,,,,,,,10.335,288.929
,,,,,,,,280.560,288.929
,,,,,,,,271.368,289.066
,,,,,,,,76.371,289.249
,,,,,,,,123.291,289.386
,,,,,,,,208.396,289.386
,,,,,,,,383.134,289.386
,,,,,,,,231.993,289.569
,,,,,,,,29.588,289.889
,,,,,,,,370.558,290.300
,,,,,,,,41.890,290.438
,,,,,,,,54.466,290.529
,,,,,,,,155.440,290.529
,,,,,,,,185.942,290.621
,,,,,,,,260.987,290.758
,,,,,,,,223.213,290.849
,,,,,,,,426.442,290.849
,,,,,,,,175.241,291.169
,,,,,,,,360.726,291.261
,,,,,,,,82.636,291.581
,,,,,,,,350.254,291.810
,,,,,,,,308.730,292.221
,,,,,,,,196.506,292.770
,,,,,,,,241.505,292.770
,,,,,,,,393.195,292.861
,,,,,,,,147.528,293.090
,,,,,,,,106.965,293.182
,,,,,,,,90.456,293.685
,,,,,,,,137.559,294.142
,,,,,,,,287.236,294.142
,,,,,,,,402.844,294.142
,,,,,,,,164.860,294.325
,,,,,,,,16.235,294.874
,,,,,,,,338.592,295.194
,,,,,,,,214.936,295.605
,,,,,,,,114.465,295.697
,,,,,,,,411.853,295.697
,,,,,,,,326.519,296.017
,,,,,,,,33.612,296.566
,,,,,,,,70.654,296.566
,,,,,,,,208.076,296.657
,,,,,,,,422.326,296.657
,,,,,,,,232.817,296.794
,,,,,,,,316.047,296.794
,,,,,,,,365.482,296.794
,,,,,,,,381.900,296.794
,,,,,,,,61.554,296.886
,,,,,,,,251.795,296.886
,,,,,,,,269.036,296.886
,,,,,,,,124.526,296.977
,,,,,,,,277.953,296.977
,,,,,,,,23.551,297.297
,,,,,,,,181.826,297.617
,,,,,,,,258.014,298.258
,,,,,,,,298.166,298.258
,,,,,,,,41.432,298.486
,,,,,,,,390.680,298.578
,,,,,,,,348.333,298.806
,,,,,,,,79.023,298.989
,,,,,,,,52.545,299.538
,,,,,,,,190.058,299.538
,,,,,,,,372.479,299.858
,,,,,,,,7.774,300.178
,,,,,,,,156.400,300.361
,,,,,,,,355.010,300.361
,,,,,,,,402.296,301.322
,,,,,,,,133.352,301.413
,,,,,,,,144.967,301.413
,,,,,,,,284.493,301.413
,,,,,,,,306.398,301.413
,,,,,,,,171.354,301.550
,,,,,,,,106.462,301.733
,,,,,,,,428.362,301.870
,,,,,,,,239.402,302.053
,,,,,,,,0.686,302.282
,,,,,,,,116.614,302.511
,,,,,,,,224.585,302.694
,,,,,,,,88.764,302.922
,,,,,,,,207.527,303.242
,,,,,,,,163.900,303.883
,,,,,,,,97.544,303.974
,,,,,,,,294.325,304.203
,,,,,,,,259.203,304.843
,,,,,,,,183.701,304.934
,,,,,,,,29.176,305.575
,,,,,,,,47.697,305.666
,,,,,,,,63.155,305.666
,,,,,,,,15.091,305.895
,,,,,,,,344.080,305.895
,,,,,,,,247.542,305.986
,,,,,,,,411.305,305.986
,,,,,,,,75.319,306.398
,,,,,,,,274.752,306.535
,,,,,,,,374.903,306.535
,,,,,,,,395.528,306.535
,,,,,,,,322.084,306.626
,,,,,,,,423.698,306.626
,,,,,,,,199.387,306.809
,,,,,,,,314.355,307.038
,,,,,,,,385.055,307.038
,,,,,,,,146.339,307.267
,,,,,,,,365.711,307.267
,,,,,,,,36.356,307.358
,,,,,,,,264.188,307.587
,,,,,,,,215.988,307.907
,,,,,,,,230.713,308.547
,,,,,,,,56.706,308.730
,,,,,,,,407.509,308.730
,,,,,,,,352.037,308.822
,,,,,,,,357.342,308.959
,,,,,,,,186.491,309.599
,,,,,,,,332.876,309.690
,,,,,,,,93.017,309.782
,,,,,,,,301.093,309.782
,,,,,,,,155.120,310.011
,,,,,,,,172.909,310.331
,,,,,,,,102.758,310.422
,,,,,,,,289.797,310.422
,,,,,,,,139.159,310.834
,,,,,,,,279.828,311.291
,,,,,,,,112.178,311.794
,,,,,,,,224.356,312.343
,,,,,,,,164.860,312.663
,,,,,,,,208.076,312.754
,,,,,,,,240.865,312.983
,,,,,,,,8.735,313.074
,,,,,,,,66.127,313.074
,,,,,,,,18.064,313.303
,,,,,,,,270.407,313.303
,,,,,,,,83.276,313.486
,,,,,,,,259.935,313.486
,,,,,,,,341.748,313.486
,,,,,,,,395.116,313.486
,,,,,,,,249.463,313.715
,,,,,,,,308.227,314.355
,,,,,,,,422.737,314.355
,,,,,,,,129.419,314.538
,,,,,,,,118.489,314.675
,,,,,,,,43.444,314.767
,,,,,,,,377.006,314.858
,,,,,,,,196.826,315.178
,,,,,,,,150.043,315.956
,,,,,,,,34.435,316.047
,,,,,,,,319.202,316.138
,,,,,,,,52.362,316.367
,,,,,,,,24.603,316.550
,,,,,,,,360.177,316.687
,,,,,,,,429.963,316.779
,,,,,,,,74.999,317.099
,,,,,,,,387.479,317.099
,,,,,,,,1.418,317.419
,,,,,,,,297.206,317.419
,,,,,,,,97.041,318.059
,,,,,,,,104.953,318.151
,,,,,,,,191.750,318.471
,,,,,,,,285.041,318.471
,,,,,,,,179.997,318.699
,,,,,,,,235.698,318.791
,,,,,,,,345.772,318.791
,,,,,,,,370.558,318.882
,,,,,,,,225.728,319.431
,,,,,,,,328.211,319.431
,,,,,,,,139.571,319.980
,,,,,,,,12.759,320.071
,,,,,,,,207.024,320.163
,,,,,,,,171.766,320.483
,,,,,,,,89.404,320.894
,,,,,,,,382.220,320.894
,,,,,,,,158.732,321.123
,,,,,,,,312.023,321.855
,,,,,,,,334.339,322.175
,,,,,,,,396.396,322.175
,,,,,,,,262.999,322.404
,,,,,,,,412.814,322.815
,,,,,,,,79.115,322.907
,,,,,,,,419.994,323.135
,,,,,,,,44.405,323.227
,,,,,,,,117.026,323.227
,,,,,,,,277.816,323.364
,,,,,,,,301.870,323.547
,,,,,,,,242.466,324.096
,,,,,,,,252.938,324.279
,,,,,,,,130.882,324.507
,,,,,,,,354.781,324.507
,,,,,,,,67.270,324.690
